symbol,year,book_equity
ACB,2018,329333241000000.0
ACB,2019,383514439000000.0
ACB,2020,444530104000000.0
ACB,2021,527769944000000.0
ACB,2022,607875185000000.0
ACB,2023,718794589000000.0
ACB,2024,864005703000000.0
ACB,2025,1025850127000000.0
ANV,2018,1847982700757.0
ANV,2019,2386059762491.0
ANV,2020,2333974303420.0
ANV,2021,2335585626152.0
ANV,2022,2882202985499.0
ANV,2023,2847866755609.0
ANV,2024,2796693826269.0
ANV,2025,3526868707406.0
BAF,2018,19412397958.0
BAF,2020,565588418869.0
BAF,2021,1454818471466.0
BAF,2022,1742668059914.0
BAF,2023,1908322023619.0
BAF,2024,2935751653618.0
BAF,2025,4064121440569.0
BCM,2018,13490782149015.0
BCM,2019,15750120751105.0
BCM,2020,16577572362473.0
BCM,2021,17097612013878.0
BCM,2022,17764824309155.0
BCM,2023,19472890868829.0
BCM,2024,20679200335365.0
BCM,2025,23371674955086.0
BID,2018,1312866249000000.0
BID,2019,1489957293000000.0
BID,2020,1516685712000000.0
BID,2021,1761695792000000.0
BID,2022,2120676711000000.0
BID,2023,2300868728000000.0
BID,2024,2760906964000000.0
BID,2025,3330825720000000.0
BMP,2018,2453652521734.0
BMP,2019,2469283578651.0
BMP,2020,2471524642661.0
BMP,2021,2293474780117.0
BMP,2022,2621318604133.0
BMP,2023,2689728981899.0
BMP,2024,2701698690635.0
BMP,2025,2877457822179.0
BSI,2018,1442326829809.0
BSI,2019,1379953394160.0
BSI,2020,1490452962672.0
BSI,2021,1719257051388.0
BSI,2022,4366397458467.0
BSI,2023,4684415112510.0
BSI,2024,5061881530671.0
BSI,2025,5527757894191.0
BSR,2018,31377546329840.0
BSR,2019,34053597003711.0
BSR,2020,31064538930922.0
BSR,2021,37563804992111.0
BSR,2022,51190346872060.0
BSR,2023,57268695746376.0
BSR,2024,55538009032139.0
BSR,2025,60513085633865.0
BVH,2018,15475971888731.0
BVH,2019,19902608518614.0
BVH,2020,20821766040844.0
BVH,2021,22031321132756.0
BVH,2022,21270957604962.0
BVH,2023,22280336857205.0
BVH,2024,23565887059923.0
BVH,2025,25480341454325.0
BWE,2018,4126374990468.0
BWE,2019,2199762186087.0
BWE,2020,3409358638993.0
BWE,2021,3925336410777.0
BWE,2022,4537838456287.0
BWE,2023,4963757389338.0
BWE,2024,5512728419930.0
BWE,2025,6289278350192.0
CII,2018,7713483398448.0
CII,2019,8706105664028.0
CII,2020,7785611797819.0
CII,2021,8378778491690.0
CII,2022,8301006107213.0
CII,2023,8505328220948.0
CII,2024,9159139980320.0
CII,2025,11957108313065.0
CMG,2018,1370493528595.0
CMG,2019,2263221654419.0
CMG,2020,2345165701289.0
CMG,2021,2590378390343.0
CMG,2022,3075648115856.0
CMG,2023,3273529578105.0
CMG,2024,3585717323463.0
CMG,2025,3991472854303.0
CTD,2018,7962493198894.0
CTD,2019,8469520678559.0
CTD,2020,8398669476041.0
CTD,2021,8247560732814.0
CTD,2022,8213962257245.0
CTD,2023,8407432424176.0
CTD,2024,8688770305789.0
CTD,2025,9385337105554.0
CTG,2018,1164289661000000.0
CTG,2019,1240711475000000.0
CTG,2020,1341509978000000.0
CTG,2021,1531587398000000.0
CTG,2022,1808810868000000.0
CTG,2023,2032613606000000.0
CTG,2024,2385387732000000.0
CTG,2025,2767699300000000.0
CTR,2018,775823305134.0
CTR,2019,867062548049.0
CTR,2020,1060862054712.0
CTR,2021,1311715505036.0
CTR,2022,1637090989735.0
CTR,2023,1996694305242.0
CTR,2024,1865063262319.0
CTR,2025,2067176259430.0
CTS,2018,1315078616187.0
CTS,2019,1313042385016.0
CTS,2020,1437439798689.0
CTS,2021,1811808740764.0
CTS,2022,1854319844096.0
CTS,2023,2037934556956.0
CTS,2024,2252908911754.0
CTS,2025,2855436389514.0
DBC,2018,2746528417636.0
DBC,2019,3025957478860.0
DBC,2020,4206960190688.0
DBC,2021,4685923120134.0
DBC,2022,4641227663231.0
DBC,2023,4666234857446.0
DBC,2024,6766079699901.0
DBC,2025,8069062498527.0
DCM,2018,6268872250899.0
DCM,2019,6106327250079.0
DCM,2020,6326447669948.0
DCM,2021,7478097275386.0
DCM,2022,10605448816520.0
DCM,2023,9963383234158.0
DCM,2024,10177176600982.0
DCM,2025,10794362396761.0
DGW,2018,766479479821.0
DGW,2019,924848413018.0
DGW,2020,1158586293766.0
DGW,2021,1781284667382.0
DGW,2022,2423281733277.0
DGW,2023,2626850436290.0
DGW,2024,3011998769288.0
DGW,2025,3472366359545.0
DIG,2018,3219359845424.0
DIG,2019,4009446195525.0
DIG,2020,4790129230371.0
DIG,2021,7671482939435.0
DIG,2022,7794735007082.0
DIG,2023,7893557882035.0
DIG,2024,8041310545116.0
DIG,2025,10025617012267.0
DPM,2018,8255009858297.0
DPM,2019,8161435444583.0
DPM,2020,8247499340888.0
DPM,2021,10713159720643.0
DPM,2022,14017438764568.0
DPM,2023,11545199773844.0
DPM,2024,11179836420269.0
DPM,2025,11532536845990.0
DSE,2018,162046842718.0
DSE,2019,161934559827.0
DSE,2020,164087204238.0
DSE,2021,1058567726847.0
DSE,2022,3136361147259.0
DSE,2023,3305345408865.0
DSE,2024,4029800184357.0
DSE,2025,4302329810995.0
DXG,2018,6199094085983.0
DXG,2019,9227821368084.0
DXG,2020,9084040699674.0
DXG,2021,13381475140394.0
DXG,2022,14084931650452.0
DXG,2023,14186367907641.0
DXG,2024,15202281281177.0
DXG,2025,20882509462227.0
EIB,2018,152652063000000.0
EIB,2019,167538318000000.0
EIB,2020,160435177000000.0
EIB,2021,165831996000000.0
EIB,2022,185056051000000.0
EIB,2023,201416835000000.0
EIB,2024,239767994000000.0
EIB,2025,273270407000000.0
EVF,2018,20057008000000.0
EVF,2019,22123812000000.0
EVF,2020,28804893000000.0
EVF,2021,32387465000000.0
EVF,2022,42197921000000.0
EVF,2023,49221131000000.0
EVF,2024,59598561000000.0
EVF,2025,83058158000000.0
FPT,2018,14774970765111.0
FPT,2019,16799289401006.0
FPT,2020,18605667400728.0
FPT,2021,21417985230037.0
FPT,2022,25356124687812.0
FPT,2023,29933011216233.0
FPT,2024,35727540104800.0
FPT,2025,43748040747539.0
FRT,2018,1158767132623.0
FRT,2019,1279363319277.0
FRT,2020,1225129904764.0
FRT,2021,1679274238761.0
FRT,2022,2049335540169.0
FRT,2023,1719170578157.0
FRT,2024,2119813714328.0
FRT,2025,5139070693233.0
FTS,2018,1975176502150.0
FTS,2019,2111021485315.0
FTS,2020,2202166223231.0
FTS,2021,2982643887261.0
FTS,2022,3348029743223.0
FTS,2023,3643935758855.0
FTS,2024,4117969099891.0
FTS,2025,4419966471274.0
GAS,2018,46867125112614.0
GAS,2019,49614531357631.0
GAS,2020,49499680985454.0
GAS,2021,52192730675130.0
GAS,2022,61173563555141.0
GAS,2023,65298620274393.0
GAS,2024,61570995265630.0
GAS,2025,67653389117937.0
GEE,2021,5987393092936.0
GEE,2022,6003443439284.0
GEE,2023,5951879834915.0
GEE,2024,6953437285925.0
GEE,2025,8397054827274.0
GEX,2018,7964954540760.0
GEX,2019,8677038182335.0
GEX,2020,8215186626885.0
GEX,2021,20497801604736.0
GEX,2022,21043377859729.0
GEX,2023,21223758403105.0
GEX,2024,23257960536946.0
GEX,2025,30173605173562.0
GMD,2018,6528982446537.0
GMD,2019,6567256865622.0
GMD,2020,6594929258004.0
GMD,2021,7044618371909.0
GMD,2022,7947756019956.0
GMD,2023,9732374052019.0
GMD,2024,13771926002556.0
GMD,2025,14918254153163.0
GVR,2018,49342460966745.0
GVR,2019,50596549810340.0
GVR,2020,51430652051301.0
GVR,2021,51940039448199.0
GVR,2022,53515557543466.0
GVR,2023,54977202916058.0
GVR,2024,58397162212108.0
GVR,2025,62201582701022.0
HAG,2018,16810886686000.0
HAG,2019,11751757223000.0
HAG,2020,10027795459000.0
HAG,2021,4673233340000.0
HAG,2022,5194743341000.0
HAG,2023,6677470105000.0
HAG,2024,9325628120000.0
HAG,2025,14182598758000.0
HCM,2018,3060536162497.0
HCM,2019,4304143039139.0
HCM,2020,4440354531385.0
HCM,2021,7325252922790.0
HCM,2022,7891832336224.0
HCM,2023,8312085227631.0
HCM,2024,10443941673715.0
HCM,2025,14543143996022.0
HDB,2018,216057406000000.0
HDB,2019,229477262000000.0
HDB,2020,319127480000000.0
HDB,2021,374611571000000.0
HDB,2022,416273023000000.0
HDB,2023,602314859000000.0
HDB,2024,697366458000000.0
HDB,2025,931103945000000.0
HDG,2018,2690685024280.0
HDG,2019,3280371245505.0
HDG,2020,3977420845856.0
HDG,2021,5390330402710.0
HDG,2022,6548011548015.0
HDG,2023,7228748133445.0
HDG,2024,7375981005461.0
HDG,2025,8398382701192.0
HHV,2018,101450716342.0
HHV,2019,6983563684483.0
HHV,2020,7384454105178.0
HHV,2021,7676137290504.0
HHV,2022,8375513279374.0
HHV,2023,8732901329464.0
HHV,2024,10929626950095.0
HHV,2025,12172577556345.0
HPG,2018,40622949840810.0
HPG,2019,47786636143695.0
HPG,2020,59219786306111.0
HPG,2021,90780625511439.0
HPG,2022,96112939615783.0
HPG,2023,102836419239379.0
HPG,2024,114647457983699.0
HPG,2025,131220010876575.0
HSG,2018,5182190893220.0
HSG,2019,5642904327641.0
HSG,2020,7084578752489.0
HSG,2021,11289063078039.0
HSG,2022,10170462420368.0
HSG,2023,10870578889316.0
HSG,2024,11120270891680.0
HSG,2025,11376307848337.0
HT1,2018,5169337642684.0
HT1,2019,5364557060619.0
HT1,2020,5392466206858.0
HT1,2021,5174416060138.0
HT1,2022,5112622180527.0
HT1,2023,4832911358204.0
HT1,2024,4875324777724.0
HT1,2025,5088809141788.0
KBC,2018,9837357794557.0
KBC,2019,10381131101072.0
KBC,2020,10652995127729.0
KBC,2021,16569221681559.0
KBC,2022,17845519292086.0
KBC,2023,20220872704416.0
KBC,2024,20644906133551.0
KBC,2025,26725843817123.0
KDC,2018,8358238662819.0
KDC,2019,8155651514089.0
KDC,2020,7699387452740.0
KDC,2021,6894642652941.0
KDC,2022,7052727626794.0
KDC,2023,7187083212975.0
KDC,2024,7265166246021.0
KDC,2025,7738038920499.0
KDH,2018,6899499284000.0
KDH,2019,7664360362000.0
KDH,2020,8158100167000.0
KDH,2021,10221204890000.0
KDH,2022,11794533384000.0
KDH,2023,15522904330000.0
KDH,2024,19453433584000.0
KDH,2025,21164279720000.0
KOS,2018,1116703928696.0
KOS,2019,1136766653305.0
KOS,2020,1158678185036.0
KOS,2021,2263541094798.0
KOS,2022,2285227096088.0
KOS,2023,2306364944207.0
KOS,2024,2318635387147.0
KOS,2025,2337702387201.0
LPB,2018,175094532000000.0
LPB,2019,202058040000000.0
LPB,2020,242342951000000.0
LPB,2021,289193879000000.0
LPB,2022,327745847000000.0
LPB,2023,382863179000000.0
LPB,2024,508330398000000.0
LPB,2025,605584514000000.0
MBB,2018,362325062000000.0
MBB,2019,411487575000000.0
MBB,2020,494982162000000.0
MBB,2021,607140419000000.0
MBB,2022,728532373000000.0
MBB,2023,944953640000000.0
MBB,2024,1128801062000000.0
MBB,2025,1615763927000000.0
MCH,2018,10881212471803.0
MCH,2019,12406967048025.0
MCH,2020,14282984759612.0
MCH,2021,17005693937381.0
MCH,2022,22445645207154.0
MCH,2023,26375559178420.0
MCH,2024,11327826777302.0
MCH,2025,18662141316311.0
MSB,2018,137768688000000.0
MSB,2019,156977946000000.0
MSB,2020,176697625000000.0
MSB,2021,203665423000000.0
MSB,2022,212775858000000.0
MSB,2023,267005838000000.0
MSB,2024,320148089000000.0
MSB,2025,407673941000000.0
MSN,2018,34079678000000.0
MSN,2019,51888407000000.0
MSN,2020,25030279000000.0
MSN,2021,42336652000000.0
MSN,2022,36636739000000.0
MSN,2023,38237241000000.0
MSN,2024,40752380000000.0
MSN,2025,45078644000000.0
MWG,2018,8983035331342.0
MWG,2019,12143592194353.0
MWG,2020,15481689846432.0
MWG,2021,20378245999846.0
MWG,2022,23932581517576.0
MWG,2023,23359557967338.0
MWG,2024,28121576823855.0
MWG,2025,33176117374577.0
NAB,2018,75059004000000.0
NAB,2019,94687435000000.0
NAB,2020,134315195000000.0
NAB,2021,153237506000000.0
NAB,2022,177578734000000.0
NAB,2023,209896239000000.0
NAB,2024,245128983000000.0
NAB,2025,418333322000000.0
NKG,2018,2971176971365.0
NKG,2019,3016814179519.0
NKG,2020,3181020162631.0
NKG,2021,5723203694545.0
NKG,2022,5319650135071.0
NKG,2023,5423073956647.0
NKG,2024,5871406574473.0
NKG,2025,7635393344959.0
NLG,2018,5284504211423.0
NLG,2019,6199932855019.0
NLG,2020,6720337739542.0
NLG,2021,13527665499829.0
NLG,2022,13315130184421.0
NLG,2023,13532755324575.0
NLG,2024,14568926285295.0
NLG,2025,14824244311089.0
NT2,2018,3683475957725.0
NT2,2019,4126938642188.0
NT2,2020,4297536717450.0
NT2,2021,4233573732490.0
NT2,2022,4613841700805.0
NT2,2023,4335849370331.0
NT2,2024,4189080110421.0
NT2,2025,4859400869775.0
NVL,2018,19969799690207.0
NVL,2019,24461073831847.0
NVL,2020,31932147185707.0
NVL,2021,41173113331969.0
NVL,2022,44817730380165.0
NVL,2023,45302850042403.0
NVL,2024,47291024358614.0
NVL,2025,58892990375863.0
OCB,2018,99964107627218.0
OCB,2019,118159970847748.0
OCB,2020,152528878791414.0
OCB,2021,184491035016344.0
OCB,2022,193994237850692.0
OCB,2023,240114274727459.0
OCB,2024,276486854526261.0
OCB,2025,322949479567113.0
PAN,2018,5972264159922.0
PAN,2019,6145572117667.0
PAN,2020,6173153718321.0
PAN,2021,7579653913472.0
PAN,2022,7878383782075.0
PAN,2023,8343448194471.0
PAN,2024,8859450516042.0
PAN,2025,9077319930386.0
PC1,2018,3279228658114.0
PC1,2019,3694780662417.0
PC1,2020,4769526002313.0
PC1,2021,6280836042239.0
PC1,2022,7172746083371.0
PC1,2023,7147611210354.0
PC1,2024,7716019292896.0
PC1,2025,8877472938557.0
PDR,2018,3511626184523.0
PDR,2019,4368928866874.0
PDR,2020,5194277496677.0
PDR,2021,8144511207117.0
PDR,2022,9260529767454.0
PDR,2023,9579391910713.0
PDR,2024,11058508658990.0
PDR,2025,12423938520507.0
PHR,2018,2686833366192.0
PHR,2019,2601160407515.0
PHR,2020,3311290986851.0
PHR,2021,3109170655823.0
PHR,2022,3439218733717.0
PHR,2023,3814237751342.0
PHR,2024,3919090627983.0
PHR,2025,4222166238002.0
PLX,2018,23092271891081.0
PLX,2019,25923320952118.0
PLX,2020,24126402466781.0
PLX,2021,28260191572059.0
PLX,2022,27782610644219.0
PLX,2023,29202107178831.0
PLX,2024,29307974443473.0
PLX,2025,29561742828621.0
PNJ,2018,3745073427904.0
PNJ,2019,4577265811347.0
PNJ,2020,5241861865008.0
PNJ,2021,6012633980253.0
PNJ,2022,8444094654850.0
PNJ,2023,9806180663976.0
PNJ,2024,11255306630522.0
PNJ,2025,13274913459412.0
POW,2018,26815384955765.0
POW,2019,29509314311205.0
POW,2020,31266593379474.0
POW,2021,31125377710593.0
POW,2022,33281450502337.0
POW,2023,34119429170920.0
POW,2024,34680634910666.0
POW,2025,37215908335498.0
PVD,2018,13850175772665.0
PVD,2019,13968461865120.0
PVD,2020,14042017346715.0
PVD,2021,13831580467120.0
PVD,2022,14078509303130.0
PVD,2023,14898157540000.0
PVD,2024,16052342324403.0
PVD,2025,17098286949122.0
PVT,2018,5139557907690.0
PVT,2019,5690965790904.0
PVT,2020,6278890061506.0
PVT,2021,6963197715178.0
PVT,2022,8014058773970.0
PVT,2023,9030394792063.0
PVT,2024,10389474545148.0
PVT,2025,11490189283998.0
REE,2018,9928368333646.0
REE,2019,11101668539466.0
REE,2020,12212648919629.0
REE,2021,16357877053624.0
REE,2022,19203692612738.0
REE,2023,20770101237988.0
REE,2024,22454784094116.0
REE,2025,24796538128654.0
SAB,2018,16111905568169.0
SAB,2019,20076247056364.0
SAB,2020,21215276390928.0
SAB,2021,22594785703161.0
SAB,2022,24590845919393.0
SAB,2023,25485157894867.0
SAB,2024,24437093182672.0
SAB,2025,22999815076554.0
SBT,2018,5576180518133.0
SBT,2019,7601668844867.0
SBT,2020,8054003332218.0
SBT,2021,9441571803054.0
SBT,2022,10177177598527.0
SBT,2023,11133434432475.0
SBT,2024,10555376315087.0
SBT,2025,12210486500367.0
SHB,2018,323276008000000.0
SHB,2019,365254318000000.0
SHB,2020,412679593000000.0
SHB,2021,506604328000000.0
SHB,2022,542428085000000.0
SHB,2023,630500685000000.0
SHB,2024,747478069000000.0
SHB,2025,892008709000000.0
SIP,2018,1363929026519.0
SIP,2019,1897366550255.0
SIP,2020,2777911810089.0
SIP,2021,3297878364334.0
SIP,2022,3660833038997.0
SIP,2023,4028050630444.0
SIP,2024,4867821282044.0
SIP,2025,5813983485201.0
SJS,2018,2251956437323.0
SJS,2019,2235291317116.0
SJS,2020,2153375751866.0
SJS,2021,2198790761964.0
SJS,2022,2575442543386.0
SJS,2023,2761586575771.0
SJS,2024,2993877716074.0
SJS,2025,3445350713033.0
SSB,2018,140487190000000.0
SSB,2019,157398288000000.0
SSB,2020,180207288000000.0
SSB,2021,211663515000000.0
SSB,2022,231423056000000.0
SSB,2023,266121915000000.0
SSB,2024,325698848000000.0
SSB,2025,396443131000000.0
SSI,2018,9155664527633.0
SSI,2019,9401059780205.0
SSI,2020,9872797052319.0
SSI,2021,14220082730148.0
SSI,2022,22383881964660.0
SSI,2023,23240892110813.0
SSI,2024,26826650611768.0
SSI,2025,32066318460762.0
STB,2018,406040598000000.0
STB,2019,453581057000000.0
STB,2020,492516029000000.0
STB,2021,521117123000000.0
STB,2022,591907695000000.0
STB,2023,674389660000000.0
STB,2024,748094546000000.0
STB,2025,917119803000000.0
TAL,2022,3783182792397.0
TAL,2023,3988146504615.0
TAL,2024,4224215417175.0
TAL,2025,6514050392894.0
TCB,2018,320988941000000.0
TCB,2019,383699461000000.0
TCB,2020,439602933000000.0
TCB,2021,568728950000000.0
TCB,2022,699032544000000.0
TCB,2023,849482012000000.0
TCB,2024,978798549000000.0
TCB,2025,1192344137000000.0
TCH,2018,4324941810818.0
TCH,2019,4469838052804.0
TCH,2020,8303219261293.0
TCH,2021,12184529994870.0
TCH,2022,11446489091732.0
TCH,2023,11946269467665.0
TCH,2024,13276980646266.0
TCH,2025,14270530816595.0
TCX,2018,3107707885026.0
TCX,2019,4630529950333.0
TCX,2020,6179231023046.0
TCX,2021,9245244488516.0
TCX,2022,10989258207900.0
TCX,2023,23629506587288.0
TCX,2024,26296972276678.0
TCX,2025,44099580183375.0
VCB,2018,1074026560000000.0
VCB,2019,1222813692000000.0
VCB,2020,1326230092000000.0
VCB,2021,1414986259000000.0
VCB,2022,1813815170000000.0
VCB,2023,1839724560000000.0
VCB,2024,2085873522000000.0
VCB,2025,2442279166000000.0
VCG,2018,7873217862025.0
VCG,2019,7738320540046.0
VCG,2020,7163204717460.0
VCG,2021,7627624824418.0
VCG,2022,9930660242917.0
VCG,2023,10241049161974.0
VCG,2024,11116111954341.0
VCG,2025,12482116746692.0
VCI,2018,3642977730785.0
VCI,2019,4051605850657.0
VCI,2020,4521486519714.0
VCI,2021,6541863245387.0
VCI,2022,6495468171614.0
VCI,2023,7371229508341.0
VCI,2024,12944305447861.0
VCI,2025,18009896539949.0
VCK,2018,4270928091622.0
VCK,2019,4624318775751.0
VCK,2020,4975115259394.0
VCK,2021,7820489081443.0
VCK,2022,8475011049496.0
VCK,2023,8992939064021.0
VCK,2024,11362920281297.0
VCK,2025,28835109255467.0
VGC,2018,6871919194539.0
VGC,2019,7055076316144.0
VGC,2020,7024115125869.0
VGC,2021,8356843503280.0
VGC,2022,9085429076168.0
VGC,2023,9524317916696.0
VGC,2024,9952999655403.0
VGC,2025,11570892895453.0
VHC,2018,4015181680964.0
VHC,2019,4877280439962.0
VHC,2020,5175731032450.0
VHC,2021,5883949271248.0
VHC,2022,7694388198987.0
VHC,2023,8591055776139.0
VHC,2024,8993605984965.0
VHC,2025,10044873548566.0
VHM,2018,48144874986968.0
VHM,2019,64715043000000.0
VHM,2020,89129915000000.0
VHM,2021,131407411000000.0
VHM,2022,148521843000000.0
VHM,2023,182636306000000.0
VHM,2024,220743975000000.0
VHM,2025,249216707000000.0
VIB,2018,139166216000000.0
VIB,2019,184531485000000.0
VIB,2020,244675677000000.0
VIB,2021,309517129000000.0
VIB,2022,342798925000000.0
VIB,2023,409881373000000.0
VIB,2024,493158370000000.0
VIB,2025,556098441000000.0
VIX,2018,1104319213025.0
VIX,2019,1420691252634.0
VIX,2020,1749114821835.0
VIX,2021,3761675255157.0
VIX,2022,7863073699228.0
VIX,2023,8829497160707.0
VIX,2024,16044740899438.0
VIX,2025,21454763077640.0
VJC,2018,14038503236582.0
VJC,2019,14902831830061.0
VJC,2020,14978398985118.0
VJC,2021,16854210320480.0
VJC,2022,14898294823484.0
VJC,2023,15253140303435.0
VJC,2024,17118712765104.0
VJC,2025,24809183292173.0
VND,2018,2982929852653.0
VND,2019,3248001358074.0
VND,2020,3819244557510.0
VND,2021,9822482839646.0
VND,2022,14514668928729.0
VND,2023,16507819526994.0
VND,2024,19715068693211.0
VND,2025,20902908538364.0
VNM,2018,26271369291927.0
VNM,2019,29731255204364.0
VNM,2020,33647122229822.0
VNM,2021,35850114249384.0
VNM,2022,32816518355085.0
VNM,2023,35025743765470.0
VNM,2024,36174402829663.0
VNM,2025,34483015286107.0
VPB,2018,323291119000000.0
VPB,2019,377204126000000.0
VPB,2020,419026527000000.0
VPB,2021,547409439000000.0
VPB,2022,631012886000000.0
VPB,2023,817566922000000.0
VPB,2024,923847637000000.0
VPB,2025,1260149596000000.0
VPI,2018,2457568829289.0
VPI,2019,2691167830619.0
VPI,2020,2958224475647.0
VPI,2021,3394444571983.0
VPI,2022,3758706656184.0
VPI,2023,3966629467753.0
VPI,2024,5074140186064.0
VPI,2025,5474402029997.0
VPL,2018,11053712504069.0
VPL,2019,3526993000000.0
VPL,2022,8470061000000.0
VPL,2023,13316823000000.0
VPL,2024,31483965000000.0
VPL,2025,36597816000000.0
VPX,2018,36073290009.0
VPX,2019,36160311004.0
VPX,2020,32576092643.0
VPX,2021,272731247170.0
VPX,2022,15437603931697.0
VPX,2023,16445429192116.0
VPX,2024,17403950699297.0
VPX,2025,33831042194622.0
VRE,2018,28509281425858.0
VRE,2019,26953507000000.0
VRE,2020,29335816000000.0
VRE,2021,30650829000000.0
VRE,2022,33424690000000.0
VRE,2023,37826853000000.0
VRE,2024,41922641000000.0
VRE,2025,48368203000000.0
VSC,2018,1944569577021.0
VSC,2019,2070078151985.0
VSC,2020,2170698212734.0
VSC,2021,2996127867563.0
VSC,2022,3201200347306.0
VSC,2023,3294306897388.0
VSC,2024,4896115718281.0
VSC,2025,6386601108418.0
VTP,2018,678971332907.0
VTP,2019,967955415000.0
VTP,2020,1208597273223.0
VTP,2021,1325503140444.0
VTP,2022,1388933207070.0
VTP,2023,1584216879869.0
VTP,2024,1588456546171.0
VTP,2025,1768209730795.0
