symbol,date,shares
ACB,2004-12-31,48113800.0
ACB,2006-03-09,110004656.0
ACB,2007-05-31,253010652.0
ACB,2007-12-12,263005996.0
ACB,2008-10-07,318008296.0
ACB,2008-10-29,465161594.0
ACB,2008-12-15,635581278.0
ACB,2009-09-10,770574378.0
ACB,2009-11-27,781413755.0
ACB,2017-03-09,1027323896.0
ACB,2019-11-15,1662737277.0
ACB,2020-10-19,2161558460.0
ACB,2021-07-02,2701948075.0
ACB,2022-07-04,3377435094.0
ACB,2023-06-26,3884050358.0
ACB,2024-04-09,4466657912.0
ACB,2025-06-27,5136656599.0
ACB,2026-07-15,5804421957.0
ACB,,1288587738.0
ACB,,937696506.0
ANV,2017-09-14,125044625.0
ANV,2018-12-31,127539625.0
ANV,2024-11-13,266667500.0
ANV,,66000000.0
ANV,,60000000.0
ANV,,3080000.0
ANV,,2700000.0
BAF,2017-04-07,3000000.0
BAF,2017-08-23,10000000.0
BAF,2020-08-03,50000000.0
BAF,2021-09-01,78000000.0
BAF,2022-06-02,143520000.0
BAF,2024-05-28,167918042.0
BAF,2024-08-07,239021642.0
BAF,2025-04-10,304021642.0
BAF,2026-06-22,364824906.0
BCM,2016-08-26,850000.0
BCM,2019-07-15,1035000000.0
BID,2013-08-06,2811202644.0
BID,2015-07-14,3148123744.0
BID,2020-02-20,4022018040.0
BID,2022-03-01,5058523816.0
BID,2023-12-21,5700435900.0
BID,2025-01-17,6897515268.0
BID,2025-06-11,7021361917.0
BID,2026-04-21,7280065210.0
BID,,3418715334.0
BID,,2301170542.0
BMP,2004-01-02,10718000.0
BMP,2006-11-27,14790840.0
BMP,2008-08-01,17598956.0
BMP,2010-02-06,34983552.0
BMP,2013-07-26,45478480.0
BMP,2017-08-22,81860938.0
BSI,2016-12-12,90219115.0
BSI,2019-11-07,122070078.0
BSI,2023-03-08,202783127.0
BSI,2025-07-07,245365943.0
BSI,2026-01-07,269901549.0
BSI,,223060701.0
BSI,,187800120.0
BSI,,107637435.0
BSI,,97637435.0
BSI,,86500000.0
BSI,,70000000.0
BSI,,30000000.0
BSI,,20000000.0
BSI,,10000000.0
BSI,,5500000.0
BSR,2012-04-12,3500897376.5754
BSR,2025-07-11,5007299686.0
BSR,,3100499616.0
BVH,2018-11-07,700886434.0
BVH,2020-09-01,742322764.0
BVH,,680471434.0
BVH,,626709079.0
BVH,,573026605.0
BWE,2020-09-11,187500000.0
BWE,2024-12-07,219928644.0
BWE,,192920000.0
BWE,,150000000.0
CII,2014-03-10,115567000.0
CII,2015-04-08,212493138.0
CII,2015-04-12,228064038.0
CII,2016-10-05,260160807.0
CII,2017-10-11,279806415.0
CII,2020-12-02,283168152.0
CII,2021-08-12,283304771.0
CII,2022-01-12,284019513.0
CII,2025-12-06,548194283.0
CII,2026-09-03,671985291.0
CII,,625450421.0
CII,,624939021.0
CII,,547976583.0
CII,,319752413.0
CII,,318778113.0
CII,,318364813.0
CII,,280043273.0
CII,,274828237.0
CII,,273834637.0
CII,,227057638.0
CII,,195290904.0
CII,,112861500.0
CII,,112801500.0
CII,,75081000.0
CII,,50054000.0
CII,,40000000.0
CII,,30000000.0
CMG,2011-03-31,67341953.0
CMG,2019-08-21,74999866.0
CMG,2019-09-12,99999866.0
CMG,2022-03-10,108998883.0
CMG,2022-12-28,150596032.0
CMG,2023-10-06,150577932.0
CMG,2024-01-08,190026996.0
CMG,2024-09-19,190397496.0
CMG,2025-04-09,211339607.0
CMG,2025-09-22,211783907.0
CMG,2026-02-14,232954608.0
CMG,,63536267.0
CTD,2006-10-24,3500000.0
CTD,2007-06-05,8620000.0
CTD,2007-08-20,12000000.0
CTD,2009-09-07,18450000.0
CTD,2011-09-09,31770000.0
CTD,2012-05-07,42200000.0
CTD,2015-08-24,43253000.0
CTD,2016-01-06,46857530.0
CTD,2016-09-05,49197070.0
CTD,2016-11-10,65573249.0
CTD,2017-12-31,78355000.0
CTD,2019-03-08,79255000.0
CTD,2022-11-25,78830800.0
CTD,2023-10-16,103633261.0
CTD,2026-02-03,108703651.0
CTD,2026-05-14,114026467.0
CTD,,77050000.0
CTD,,30750000.0
CTD,,5950000.0
CTD,,1520000.0
CTG,2010-10-20,1517229121.0
CTG,2011-03-10,1685810134.0
CTG,2011-12-28,2022972161.0
CTG,2012-04-09,2621754537.0
CTG,2013-05-14,3266144348.0
CTG,2013-10-22,3723404556.0
CTG,2021-09-08,4805750609.0
CTG,2024-01-08,5369991748.0
CTG,2026-01-14,7766944637.0
CTG,,1125297280.0
CTR,2021-02-08,92923873.0
CTR,2022-10-08,114385879.0
CTR,2026-06-08,128109533.0
CTR,,71781828.0
CTR,,60697509.0
CTR,,51835043.0
CTR,,47123341.0
CTR,,42840034.0
CTR,,38251084.0
CTR,,30653090.0
CTR,,27369565.0
CTR,,23800000.0
CTS,2009-11-06,78993400.0
CTS,2016-12-08,90423757.0
CTS,2022-10-10,148738311.0
CTS,2026-01-07,272244939.0
CTS,,212693438.0
CTS,,114946811.0
CTS,,97652936.0
CTS,,83730338.0
CTS,,30000000.0
CTS,,10500000.0
DBC,2006-06-10,5700000.0
DBC,2007-10-12,7000000.0
DBC,2009-06-02,17700000.0
DBC,2017-07-04,82818465.0
DBC,2022-08-07,242001859.0
DBC,2024-04-09,334669145.0
DBC,2026-11-06,431046499.0
DBC,,384866667.0
DBC,,230478860.0
DBC,,104763911.0
DBC,,91099828.0
DBC,,75289959.0
DBC,,62741923.0
DBC,,48409960.0
DBC,,43611100.0
DBC,,25446660.0
DBC,,18816660.0
DBC,,9450000.0
DCM,2014-12-31,529400000.0
DGW,2021-07-07,44351747.0
DGW,2024-06-05,167204743.0
DGW,2024-11-12,219320169.0
DGW,2026-09-09,223520169.0
DGW,,221320169.0
DGW,,217320169.0
DGW,,167224443.0
DGW,,163229943.0
DGW,,90752025.0
DGW,,88552025.0
DGW,,43151747.0
DGW,,41951747.0
DGW,,40751747.0
DGW,,39751747.0
DGW,,30613329.0
DGW,,23583669.0
DGW,,10802469.0
DGW,,8750100.0
DGW,,8750000.0
DGW,,4000000.0
DGW,,1500000.0
DGW,,500000.0
DGW,,200000.0
DIG,1993-05-05,820000.0
DIG,2008-03-13,37000000.0
DIG,2009-06-24,60000000.0
DIG,2009-10-21,70000000.0
DIG,2010-01-05,100000000.0
DIG,2012-12-31,142995587.0
DIG,2015-09-11,198643620.0
DIG,2015-12-15,214533793.0
DIG,2016-06-22,231694819.0
DIG,2019-12-12,314943601.0
DIG,2020-07-23,318492551.0
DIG,2021-07-12,409890962.0
DIG,2021-10-15,424890962.0
DIG,2021-12-02,499890962.0
DIG,2022-08-30,609851995.0
DIG,2025-06-27,646431191.0
DIG,2025-12-24,796431191.0
DIG,,252484783.0
DIG,,178743620.0
DIG,,129997818.0
DPM,2007-01-09,380000000.0
DPM,2016-11-03,391400000.0
DPM,2025-09-09,679990761.0
DSE,2015-03-16,16000000.0
DSE,2021-07-02,100000000.0
DSE,2025-06-27,339900000.0
DSE,2025-10-16,342600000.0
DSE,2026-03-25,428249806.0
DSE,,330000000.0
DSE,,300000000.0
DXG,2008-01-09,8000000.0
DXG,2010-09-20,16000000.0
DXG,2011-12-01,32000000.0
DXG,2012-12-25,42000000.0
DXG,2013-09-27,52799681.0
DXG,2014-02-27,75000000.0
DXG,2015-07-29,116863570.0
DXG,2015-11-10,117263570.0
DXG,2017-12-04,303192686.0
DXG,2019-10-29,520034667.0
DXG,2021-10-22,597773048.0
DXG,2022-04-15,609276876.0
DXG,2022-12-01,611779002.0
DXG,2024-02-28,722450921.0
DXG,2025-03-28,872597469.0
DXG,2025-06-27,1020631675.0
DXG,2025-12-31,1114131675.0
DXG,2026-06-17,1269852451.0
DXG,,100700000.0
DXG,,1500000.0
EIB,2023-06-30,1481404859.0
EIB,2023-11-09,1746956148.0
EIB,2024-11-25,1868810607.0
EIB,,1235522904.0
EIB,,1056006875.0
EIB,,880008000.0
EIB,,722000000.0
EIB,,280000000.0
EIB,,121200000.0
EIB,,70000000.0
EIB,,50000000.0
EIB,,5000000.0
EVF,2016-12-31,250000000.0
EVF,2020-06-26,264981265.0
EVF,2021-09-20,304707628.0
EVF,2022-05-06,324486958.0
EVF,2022-11-04,351064031.0
EVF,2023-12-26,704248289.0
EVF,2025-01-20,760565802.0
FPT,2021-06-07,907551649.0
FPT,2021-07-05,789197254.0
FPT,2022-11-05,914195914.0
FPT,2022-11-07,1097026572.0
FPT,2026-09-07,1741326422.0
FPT,,1703507121.0
FPT,,1481330122.0
FPT,,1471069183.0
FPT,,1460448066.0
FPT,,1104331622.0
FPT,,681750478.0
FPT,,678358688.0
FPT,,530961105.0
FPT,,459426684.0
FPT,,399518469.0
FPT,,397531640.0
FPT,,343976600.0
FPT,,275201755.0
FPT,,273848833.0
FPT,,216082676.0
FPT,,193480517.0
FPT,,191665908.0
FPT,,143831967.0
FPT,,141162074.0
FPT,,92352579.0
FPT,,2000000.0
FRT,2012-08-03,8850000.0
FRT,2022-11-07,118472535.0
FRT,2023-05-07,136242389.0
FRT,2025-05-08,170301785.0
FRT,2026-07-08,178815054.0
FRT,,78981792.0
FRT,,68000000.0
FRT,,40000000.0
FRT,,20000000.0
FTS,2007-07-13,20000000.0
FTS,2015-06-23,80664870.0
FTS,2016-06-08,90343727.0
FTS,2017-06-06,99376952.0
FTS,2019-06-05,120244051.0
FTS,2020-07-08,132267349.0
FTS,2021-08-16,145493097.0
FTS,2021-08-30,147567297.0
FTS,2022-12-28,195059951.0
FTS,2023-10-02,214564987.0
FTS,2024-06-07,300389416.0
FTS,2024-06-18,305919366.0
FTS,2025-06-06,336509609.0
FTS,2025-07-02,346498009.0
FTS,2026-06-17,381145750.0
GAS,2016-02-05,1913950000.0
GAS,2023-08-17,2296739847.0
GAS,2025-01-10,2342672919.0
GAS,2025-10-14,2412949756.0
GAS,,1895000000.0
GEE,2021-09-22,300000000.0
GEE,2025-03-10,305000000.0
GEE,2025-05-19,365999956.0
GEE,2026-05-15,640499211.0
GEE,,221870000.0
GEX,2010-12-01,140000000.0
GEX,2015-09-16,155000000.0
GEX,2017-02-21,232000000.0
GEX,2017-08-23,266800000.0
GEX,2018-07-23,338800000.0
GEX,2018-09-18,406560000.0
GEX,2019-10-21,488244000.0
GEX,2021-08-27,781190400.0
GEX,2021-12-28,851495793.0
GEX,2024-09-20,859429793.0
GEX,2025-06-09,902398948.0
GEX,2026-05-18,1308471358.0
GMD,1996-05-07,5000000.0
GMD,2004-01-04,25000000.0
GMD,2013-01-08,114421669.0
GMD,2016-10-08,179432281.0
GMD,2023-02-11,305898557.0
GMD,2025-07-03,420192309.0
GMD,2025-10-01,413982609.0
GMD,2026-10-08,432892509.0
GMD,,426495109.0
GMD,,310486957.0
GMD,,301377957.0
GMD,,288276957.0
GMD,,119621994.0
GMD,,116137994.0
GMD,,112730700.0
GMD,,109447309.0
GMD,,100000000.0
GMD,,47500000.0
GMD,,34523000.0
GMD,,20000000.0
GMD,,620800.0
GVR,2017-12-26,4000000000.0
HAG,2006-06-15,32683634.0
HAG,2007-01-02,40000000.0
HAG,2007-05-15,44000000.0
HAG,2007-06-08,103756388.0
HAG,2007-12-24,119956388.0
HAG,2008-07-21,179814501.0
HAG,2009-11-18,270465458.0
HAG,2013-07-31,718154693.0
HAG,2014-09-19,789967947.0
HAG,2017-08-04,927467947.0
HAG,2024-04-25,1057467947.0
HAG,2025-09-26,1267467947.0
HAG,,537371049.0
HAG,,467280590.0
HAG,,29683634.0
HCM,2013-12-24,127256758.0
HCM,2017-04-24,129756758.0
HCM,2019-06-26,305882263.0
HCM,2024-06-10,704811532.0
HCM,2024-11-15,720811532.0
HCM,2025-10-24,1080797089.0
HCM,,458052367.0
HCM,,100848637.0
HCM,,99848637.0
HCM,,59999686.0
HCM,,39463400.0
HCM,,20000000.0
HCM,,10000000.0
HCM,,5000000.0
HDB,2020-12-31,1608848818.0
HDB,2021-10-27,2007290642.0
HDB,2022-11-02,2530300000.0
HDB,2023-09-05,2907632132.0
HDB,2024-10-08,2927632132.0
HDB,2024-12-26,3510142254.0
HDB,2025-11-04,3859415837.0
HDB,2025-12-23,5005276323.0
HDB,,980999979.0
HDB,,882899981.0
HDB,,810000000.0
HDB,,500000000.0
HDB,,300000000.0
HDB,,200000000.0
HDB,,155000000.0
HDB,,100000000.0
HDB,,50000000.0
HDB,,30000000.0
HDB,,20025900.0
HDB,,15002300.0
HDB,,7002600.0
HDB,,5972600.0
HDB,,4972600.0
HDB,,4207400.0
HDB,,2161600.0
HDB,,1000800.0
HDB,,500000.0
HDB,,300000.0
HDG,2006-07-04,3700000.0
HDG,2008-04-12,8540518.0
HDG,2008-12-27,12810777.0
HDG,2009-09-09,13000000.0
HDG,2009-10-29,13500000.0
HDG,2016-02-04,68411884.0
HDG,2016-06-21,69063424.0
HDG,2016-10-18,75968080.0
HDG,2019-07-05,118681289.0
HDG,2021-08-11,163631718.0
HDG,2022-01-26,196357415.0
HDG,2022-03-28,203838815.0
HDG,2022-08-16,244605898.0
HDG,2023-07-20,305756841.0
HDG,2024-07-16,336331529.0
HDG,2025-07-21,369963035.0
HDG,2026-06-17,406957333.0
HDG,,94950000.0
HDG,,65154205.0
HDG,,55687399.0
HDG,,50624922.0
HDG,,40500000.0
HDG,,20250000.0
HDG,,1680000.0
HHV,2016-01-16,4937500.0
HHV,2017-09-07,4937500.0
HHV,2018-05-08,7937500.0
HHV,2020-01-10,227009090.0
HHV,2020-12-25,267384090.0
HHV,2022-12-19,307804450.0
HHV,2023-07-05,329350351.0
HHV,2024-02-02,411680169.0
HHV,2024-08-13,432255528.0
HHV,2025-05-16,473755528.0
HHV,2025-08-05,497433003.0
HHV,2026-03-20,547166296.0
HHV,2026-07-30,574511888.0
HPG,2007-11-15,132000000.0
HPG,2008-08-05,196364000.0
HPG,2010-12-02,317849760.0
HPG,2012-11-22,419052533.0
HPG,2014-06-11,481908175.0
HPG,2015-02-13,488643175.0
HPG,2015-07-03,732951419.0
HPG,2016-09-29,842874956.0
HPG,2017-07-28,1517079000.0
HPG,2018-06-20,2123907166.0
HPG,2019-07-04,2761074115.0
HPG,2020-09-01,3313282659.0
HPG,2021-06-30,4472922706.0
HPG,2022-07-27,5814785700.0
HPG,2024-12-18,6396250200.0
HPG,2025-08-11,7675465855.0
HPG,2026-07-22,8442964520.0
HSG,2001-08-08,3000000.0
HSG,2004-04-01,4500000.0
HSG,2004-08-18,7000000.0
HSG,2005-03-21,11000000.0
HSG,2005-12-21,12000000.0
HSG,2006-04-21,16000000.0
HSG,2006-12-14,25000000.0
HSG,2007-03-16,40000000.0
HSG,2007-11-08,57038500.0
HSG,2010-02-09,70000000.0
HSG,2010-04-19,83996000.0
HSG,2010-07-21,100790790.0
HSG,2015-12-18,131027067.0
HSG,2016-06-10,196539829.0
HSG,2017-06-26,349996683.0
HSG,2019-05-15,423469489.0
HSG,2020-06-12,444625213.0
HSG,2021-07-27,489081896.0
HSG,2021-10-28,493481896.0
HSG,2022-08-17,498382696.0
HSG,2022-11-16,598054986.0
HSG,2023-10-02,615982309.0
HSG,2024-11-21,620982309.0
HSG,2026-05-15,807262704.0
HT1,2010-08-06,198000000.0
HT1,2016-09-12,381589911.0
HT1,,318000000.0
HT1,,110000000.0
HT1,,87000000.0
KBC,2002-03-27,2000000.0
KBC,2008-06-20,134083000.0
KBC,2009-05-12,199124330.0
KBC,2013-12-31,300000000.0
KBC,2021-10-12,575711167.0
KBC,2022-07-05,767604759.0
KBC,2025-06-26,941754759.0
KBC,,475711167.0
KBC,,295711167.0
KBC,,88000000.0
KBC,,29570000.0
KDC,2012-11-23,166522625.0
KDC,2020-12-18,279741356.0
KDC,2023-12-29,289806316.0
KDC,,256653397.0
KDC,,214128270.0
KDC,,167628270.0
KDC,,133517881.0
KDC,,119517881.0
KDC,,81228709.0
KDC,,46999700.0
KDC,,35999700.0
KDC,,30000000.0
KDC,,25000000.0
KDC,,20000000.0
KDC,,15000000.0
KDH,2007-03-11,33200000.0
KDH,2014-12-06,75000000.0
KDH,2017-08-12,336000000.0
KDH,2019-11-07,544429109.0
KDH,2021-07-09,578657219.0
KDH,2024-11-11,1011142565.0
KDH,2026-10-04,1122214899.9
KDH,,909403715.0
KDH,,799311971.0
KDH,,716829995.0
KDH,,642937069.0
KDH,,414023353.0
KDH,,233999892.0
KDH,,180000000.0
KDH,,126000000.0
KDH,,48069974.0
KDH,,43900000.0
KDH,,21600000.0
KDH,,3200000.0
KOS,2008-10-03,12000000.0
KOS,2016-06-05,40000000.0
KOS,2017-10-03,41500000.0
KOS,2021-09-12,216481335.0
KOS,,165031335.0
KOS,,35000000.0
KOS,,18000000.0
LPB,2009-10-30,365000000.0
LPB,2011-04-04,565000000.0
LPB,2011-07-12,601000000.0
LPB,2012-01-06,646000000.0
LPB,2018-03-01,749999428.0
LPB,2019-10-30,888144095.0
LPB,2020-03-23,976948319.0
LPB,2020-12-31,1074638915.0
LPB,2021-09-01,1203590474.0
LPB,2022-05-19,1238586323.0
LPB,2022-12-30,1729105369.0
LPB,2023-10-06,2057616416.0
LPB,2023-12-29,2557616416.0
LPB,2025-01-21,2987282100.0
LPB,,330000000.0
MBB,2013-12-02,1125625000.0
MBB,2014-12-25,1159393750.0
MBB,2015-09-22,1600000000.0
MBB,2016-04-05,1631181818.0
MBB,2016-11-10,1712740909.0
MBB,2017-10-19,1815505363.0
MBB,2019-12-05,2372732280.0
MBB,2020-03-31,2437042861.0
MBB,2020-11-18,2798756872.0
MBB,2021-08-25,3778321777.0
MBB,2022-10-20,4533986100.0
MBB,2023-09-05,5214084052.0
MBB,2024-11-25,5306324052.0
MBB,2025-02-14,6102272659.0
MBB,2025-09-24,8054999909.0
MBB,2026-09-17,9263249895.0
MBB,,1000000000.0
MBB,,730000000.0
MBB,,530000000.0
MBB,,340000000.0
MCH,2000-05-31,1500000.0
MCH,2003-07-22,2850000.0
MCH,2004-06-14,4500000.0
MCH,2006-07-20,7225000.0
MCH,2006-09-14,8500000.0
MCH,2007-02-28,11339000.0
MCH,2007-12-25,13839000.0
MCH,2008-05-10,25719000.0
MCH,2009-06-11,63000000.0
MCH,2010-09-29,130000000.0
MCH,2011-06-01,144444000.0
MCH,2011-06-21,147058000.0
MCH,2011-07-20,250000000.0
MCH,2012-05-22,251250000.0
MCH,2012-06-08,502500000.0
MCH,2013-07-01,527335000.0
MCH,2013-12-06,525340000.0
MCH,2014-06-27,531326000.0
MCH,2015-08-06,535160000.0
MCH,2016-08-04,538160000.0
MCH,2017-08-02,543132777.0
MCH,2019-07-30,630978448.0
MCH,2019-09-12,722924604.0
MCH,2020-10-26,726793818.0
MCH,2022-08-29,727461879.0
MCH,2024-01-31,728422544.0
MCH,2024-12-31,735553179.0
MCH,2025-04-11,1062364822.0
MCH,2025-09-04,1067620746.0
MCH,2026-01-21,1294493545.0
MCH,2026-06-26,1307404949.0
MSB,1991-08-06,4000000.0
MSB,2007-07-09,150000000.0
MSB,2009-12-11,300000000.0
MSB,2015-12-08,1175000000.0
MSB,2021-07-12,1527500000.0
MSB,2024-11-10,2600000000.0
MSB,2025-10-10,3120000000.0
MSB,,2000000000.0
MSB,,800000000.0
MSB,,500000000.0
MSB,,224000000.0
MSN,2009-12-31,485399820.0
MSN,2013-06-13,705140873.0
MSN,2013-12-04,734911338.0
MSN,2014-08-21,735808140.0
MSN,2016-06-24,756075674.0
MSN,2017-08-31,1157373974.0
MSN,2019-07-17,1168946447.0
MSN,2020-09-07,1174683246.0
MSN,2021-06-17,1180534692.0
MSN,2022-05-06,1416641576.0
MSN,2022-06-20,1423724783.0
MSN,2024-05-08,1505419876.0
MSN,2024-06-25,1512928087.0
MSN,2025-08-04,1520491927.0
MSN,2026-06-26,1534951081.0
MSN,,1430843406.0
MSN,,1163149548.0
MSN,,768075674.0
MSN,,746717861.0
MSN,,687280100.0
MSN,,515272269.0
MSN,,476399820.0
MSN,,406552869.0
MSN,,378365001.0
MSN,,10000000.0
MWG,2015-01-06,111956779.0
MWG,2015-06-21,139903976.0
MWG,2015-12-25,146888974.0
MWG,2017-12-31,316988437.0
MWG,2020-02-12,453209987.0
MWG,2020-12-31,453209987.0
MWG,2021-12-31,713065495.0
MWG,2022-04-29,732024465.0
MWG,2022-07-15,1463879280.0
MWG,2024-05-17,1462244177.0
MWG,2025-04-29,1479693177.0
MWG,2025-12-23,1469693177.0
MWG,2026-07-17,1477035294.0
MWG,,153950927.0
MWG,,62723171.0
MWG,,11641816.0
MWG,,10956704.0
MWG,,10502667.0
MWG,,10192733.0
MWG,,9834395.0
MWG,,761404.0
NAB,1992-08-22,500000.0
NAB,1993-05-27,1000000.0
NAB,1994-01-14,2000000.0
NAB,1996-07-22,2630000.0
NAB,1996-07-22,2943000.0
NAB,2001-01-19,4900000.0
NAB,2002-01-31,5757000.0
NAB,2002-07-03,7000000.0
NAB,2004-12-12,10021400.0
NAB,2004-12-30,11211800.0
NAB,2005-12-01,15000000.0
NAB,2006-06-08,18334167.0
NAB,2006-08-21,35867756.0
NAB,2006-11-23,38606668.0
NAB,2006-12-28,55000000.0
NAB,2007-03-02,57592474.0
NAB,2008-01-30,115637224.0
NAB,2008-03-27,125283662.0
NAB,2010-06-24,200000000.0
NAB,2011-01-20,300000000.0
NAB,2015-12-31,302116596.0
NAB,2019-12-02,389005000.0
NAB,2020-09-28,456446843.0
NAB,2022-02-24,513440504.0
NAB,2022-03-26,656440504.0
NAB,2023-01-03,846434661.0
NAB,2023-08-03,1058041615.0
NAB,2025-08-08,1715686480.0
NAB,2026-06-09,2058822282.0
NAB,2026-09-23,2158822282.0
NAB,,1372550553.0
NKG,2007-04-09,7110000.0
NKG,2010-12-05,23000000.0
NKG,2014-06-08,39900000.0
NKG,2016-06-04,50034361.0
NKG,2017-02-08,100000000.0
NKG,2022-04-08,263277806.0
NKG,2025-12-01,315931978.0
NKG,2026-10-07,492323961.0
NKG,,447570881.0
NKG,,219398568.0
NKG,,218398568.0
NKG,,130000000.0
NKG,,66034361.0
NKG,,43889920.0
NKG,,43091920.0
NKG,,29900000.0
NKG,,20000000.0
NKG,,15000000.0
NKG,,6900000.0
NKG,,6000000.0
NLG,2016-09-01,142114510.0
NLG,2017-08-24,157226409.0
NLG,2018-12-31,239136918.0
NLG,2019-10-23,259702575.0
NLG,2020-11-13,285270660.0
NLG,2021-09-23,345270660.0
NLG,2021-12-31,382940013.0
NLG,2022-11-11,384080300.0
NLG,2023-12-31,384777471.0
NLG,2025-01-13,385075304.0
NLG,2025-12-31,485097383.0
NLG,,141572157.0
NLG,,121013523.0
NLG,,95513523.0
NLG,,61571947.0
NLG,,41047981.0
NLG,,25508327.0
NLG,,24103165.0
NLG,,17103165.0
NLG,,5500000.0
NT2,2007-06-20,256000000.0
NT2,2015-10-15,273919843.0
NT2,2017-02-28,287876029.0
NT2,,284876029.0
NVL,2018-05-31,914285928.0
NVL,2019-01-10,937276674.0
NVL,2019-12-16,969540797.0
NVL,2021-04-19,1068599030.0
NVL,2021-05-13,1072812035.0
NVL,2021-05-31,1081739051.0
NVL,2021-07-07,1467653585.0
NVL,2021-07-21,1473605619.0
NVL,2022-01-27,1930421319.0
NVL,2022-06-16,1949725519.0
NVL,2022-07-27,1949833809.0
NVL,2023-01-03,1950104538.0
NVL,2025-10-30,2047609764.0
NVL,2026-01-14,2211268155.0
NVL,2026-02-11,2232018549.0
NVL,2026-04-29,2234496474.0
NVL,2026-06-25,2402067972.0
NVL,,649658788.0
NVL,,596199234.0
NVL,,574199234.0
NVL,,521999234.0
NVL,,469999718.0
NVL,,368295761.0
NVL,,367165761.0
NVL,,361465761.0
NVL,,350465761.0
NVL,,230000000.0
NVL,,120000000.0
NVL,,90000000.0
NVL,,60000000.0
NVL,,9532500.0
OCB,2004-01-03,13713000.0
OCB,2004-02-12,20000000.0
OCB,2005-03-11,30000000.0
OCB,2020-11-11,1095906343.0
OCB,2021-01-11,1369882863.0
OCB,2023-10-11,2054824294.0
OCB,2024-01-11,2465789152.0
OCB,2026-03-08,3062510126.0
OCB,,2663052284.0
OCB,,876725075.0
OCB,,789857075.0
OCB,,400000000.0
OCB,,354714764.0
OCB,,323400000.0
OCB,,263500000.0
OCB,,200000000.0
OCB,,187700000.0
OCB,,147447700.0
OCB,,111111100.0
OCB,,100000000.0
OCB,,63000000.0
OCB,,10135100.0
OCB,,9373600.0
OCB,,7000000.0
PAN,2007-11-10,7000000.0
PAN,2015-05-03,83143748.0
PAN,2020-11-02,216358580.0
PAN,2026-09-06,258072996.0
PAN,,216294580.0
PAN,,117723630.0
PAN,,102372497.0
PAN,,100872497.0
PAN,,61643748.0
PAN,,40362500.0
PAN,,20050000.0
PAN,,11550000.0
PAN,,3200000.0
PAN,,2000000.0
PAN,,620000.0
PC1,2017-09-08,97841320.0
PC1,2021-01-12,235159649.0
PC1,2021-11-01,191188159.0
PC1,2025-11-12,411285343.0
PC1,,357642121.0
PC1,,310995558.0
PC1,,270433002.0
PC1,,159323929.0
PC1,,132770294.0
PC1,,115452842.0
PC1,,75262914.0
PC1,,63782196.0
PC1,,34169485.0
PC1,,20100000.0
PC1,,18000000.0
PC1,,14000000.0
PC1,,10000000.0
PC1,,6667000.0
PC1,,5000000.0
PDR,2004-12-11,2000000.0
PDR,2005-11-16,5000000.0
PDR,2007-05-24,55000000.0
PDR,2007-11-29,66400000.0
PDR,2008-01-23,130200000.0
PDR,2015-09-04,136709971.0
PDR,2015-10-01,201809971.0
PDR,2017-06-07,221990923.0
PDR,2018-06-05,266389007.0
PDR,2019-05-14,327657972.0
PDR,2021-05-17,396169897.0
PDR,2021-05-18,486771916.0
PDR,2021-12-06,492771916.0
PDR,2022-05-13,671646219.0
PDR,2024-06-24,873140083.0
PDR,2025-04-24,907235083.0
PDR,2025-08-13,979809379.0
PDR,2025-12-31,997809379.0
PDR,,738810840.0
PHR,2018-07-10,135499198.0
PHR,2024-12-31,135499198.0
PHR,,81300000.0
PLX,2011-01-12,930237169.0
PLX,2021-03-03,1293878081.0
PLX,,1293878081.0
PLX,,1007000000.0
PNJ,2009-12-31,39999921.0
PNJ,2012-10-03,71997835.0
PNJ,2013-12-23,75597035.0
PNJ,2015-07-10,98274577.0
PNJ,2017-08-08,108102034.0
PNJ,2018-07-10,162139324.0
PNJ,2018-12-21,167002982.0
PNJ,2019-07-23,222667960.0
PNJ,2019-12-31,225293585.0
PNJ,2021-01-11,227612362.0
PNJ,2023-02-06,328169188.0
PNJ,2024-01-23,334729180.0
PNJ,2024-10-01,338074776.0
PNJ,2025-10-13,341318666.0
PNJ,2026-05-26,511891518.0
PNJ,,59999142.0
PNJ,,30000000.0
PNJ,,24000000.0
PNJ,,12000000.0
PNJ,,10000000.0
PNJ,,5500000.0
POW,2016-10-27,2177430157.7676
POW,2026-01-13,2786821096.0
POW,2026-02-25,3067845688.0
POW,,2341871600.0
PVD,2014-12-31,303073350.0
PVD,2017-12-31,383266160.0
PVD,2019-09-30,421545789.0
PVD,2022-09-26,556296006.0
PVD,2026-08-19,928158191.0
PVD,,348466259.0
PVD,,275528695.0
PVD,,210508215.0
PVD,,157900000.0
PVD,,132100000.0
PVD,,110100000.0
PVD,,68000000.0
PVT,2007-05-07,72000000.0
PVT,2009-03-06,147600000.0
PVT,2010-04-22,230345684.0
PVT,2010-07-09,232600000.0
PVT,2014-09-15,255857542.0
PVT,2017-01-11,281440162.0
PVT,2020-12-08,323651246.0
PVT,2024-06-12,356012638.0
PVT,2025-06-30,469931235.0
PVT,2026-06-16,516918938.0
REE,2014-07-02,263686385.0
REE,2014-08-05,265651539.0
REE,2016-03-06,310058841.0
REE,2023-12-06,409714260.0
REE,2026-08-06,622899036.0
REE,2026-10-09,623399036.0
REE,,541658139.0
REE,,471013400.0
REE,,356410484.0
REE,,269616810.0
REE,,269070539.0
REE,,244643385.0
REE,,186293289.0
REE,,81043131.0
REE,,22500000.0
REE,,15000000.0
SAB,2008-04-17,641281186.0
SAB,2023-11-29,1282562372.0
SBT,2008-02-25,141925800.0
SBT,2013-09-12,148500000.0
SBT,2016-07-18,194761033.0
SBT,2016-11-04,253188268.0
SBT,2017-09-18,557018673.0
SBT,2019-10-28,608351885.0
SBT,2020-12-30,638769480.0
SBT,2023-06-30,762112326.0
SBT,2025-02-07,836156371.0
SBT,2025-10-28,876723922.0
SBT,2026-04-29,928026375.0
SBT,2026-09-23,956245488.0
SBT,,185642358.0
SHB,2006-09-15,50000000.0
SHB,2007-08-14,200000000.0
SHB,2012-10-02,886579547.0
SHB,2016-06-03,1119689100.0
SHB,2017-03-08,1203616110.0
SHB,2019-05-27,1751009094.0
SHB,2021-08-04,1926048837.0
SHB,2022-08-12,2667369799.0
SHB,2023-01-17,3067383196.0
SHB,2023-09-20,3619398113.0
SHB,2024-06-27,3662908542.0
SHB,2025-04-08,4065747002.0
SHB,2025-09-26,4594200024.0
SHB,2026-06-30,5344200024.0
SHB,,948594461.0
SHB,,481579547.0
SHB,,349751900.0
SIP,2008-10-12,60000000.0
SIP,2017-08-11,66048195.0
SIP,2020-02-11,79405357.0
SIP,2022-09-12,90904146.0
SIP,2022-11-02,91316039.0
SIP,2024-04-10,210533403.0
SIP,,209078940.0
SIP,,181807923.0
SIP,,92904146.0
SIP,,69048195.0
SIP,,61048195.0
SIP,,25000000.0
SJS,2003-07-08,5000000.0
SJS,2007-02-09,20000000.0
SJS,2007-08-20,40000000.0
SJS,2018-11-20,114855540.0
SJS,2025-09-25,297474828.0
SJS,,100000000.0
SSB,2022-04-05,1659800000.0
SSB,2026-12-06,3428800000.0
SSB,,2845000000.0
SSB,,2835000000.0
SSB,,2495700000.0
SSB,,2040298268.0
SSB,,1980898268.0
SSB,,1478488369.0
SSB,,1342488369.0
SSB,,1208744208.0
SSB,,936900000.0
SSB,,768800000.0
SSB,,546582589.0
SSB,,533465600.0
SSB,,506854500.0
SSB,,406854500.0
SSB,,300000000.0
SSB,,50000000.0
SSB,,25000000.0
SSB,,15000000.0
SSB,,8500000.0
SSB,,7000000.0
SSB,,5001000.0
SSB,,300000.0
SSI,2010-03-03,175555871.0
SSI,2013-01-03,353794942.0
SSI,2017-12-01,490063684.0
SSI,2022-04-08,994750022.0
SSI,2024-04-11,1812950051.0
SSI,2026-03-02,2493089220.0
SSI,2026-09-09,3003293801.0
SSI,,2503089220.0
SSI,,2077906262.0
SSI,,1973863918.0
SSI,,1963863918.0
SSI,,1511130137.0
SSI,,1501130137.0
SSI,,1491130137.0
SSI,,984750022.0
SSI,,984750022.0
SSI,,602945613.0
SSI,,510063684.0
SSI,,500063684.0
SSI,,480063684.0
SSI,,470063684.0
SSI,,427332799.0
SSI,,356111742.0
SSI,,352611742.0
SSI,,351111742.0
SSI,,153333471.0
SSI,,136666671.0
SSI,,119999871.0
SSI,,79999917.0
SSI,,50000000.0
SSI,,30000000.0
SSI,,12000000.0
SSI,,5200000.0
SSI,,2000000.0
SSI,,600000.0
STB,2008-08-20,511583084.0
STB,2015-12-30,1885215716.0
STB,,1242511600.0
STB,,1073967664.0
STB,,917948361.0
STB,,670035300.0
STB,,444900000.0
STB,,208000000.0
STB,,7100000.0
TAL,2009-03-11,1250000.0
TAL,2017-06-03,15000000.0
TAL,2019-08-07,90000000.0
TAL,2021-10-05,1500000.0
TAL,2022-12-08,270000000.0
TAL,2025-11-03,311850000.0
TAL,2026-02-06,503999708.0
TAL,,360000000.0
TAL,,297000000.0
TAL,,200000000.0
TAL,,160000000.0
TAL,,136000000.0
TAL,,60000000.0
TAL,,30000000.0
TAL,,3000000.0
TAL,,600000.0
TCB,2018-12-07,3496592160.0
TCB,2019-12-11,3500139962.0
TCB,2024-02-05,7045021622.0
TCB,2024-03-01,3522510811.0
TCB,2025-09-05,7086240414.0
TCB,,7064851739.0
TCB,,3517238514.0
TCB,,3510914798.0
TCB,,3504906230.0
TCB,,1165530720.0
TCB,,887807871.0
TCB,,884807871.0
TCB,,878807900.0
TCB,,693200000.0
TCB,,540000000.0
TCB,,433700000.0
TCB,,316500000.0
TCB,,150000000.0
TCB,,55500000.0
TCB,,41200000.0
TCB,,18000000.0
TCB,,12798000.0
TCB,,10443500.0
TCB,,10234500.0
TCB,,8525000.0
TCB,,8002000.0
TCB,,7000000.0
TCB,,5149500.0
TCB,,2000000.0
TCH,2007-12-25,120000000.0
TCH,2016-04-19,329994572.0
TCH,2017-01-13,362994014.0
TCH,2021-04-03,384160284.0
TCH,2021-05-31,399175744.0
TCH,2021-10-28,618721968.0
TCH,2022-01-27,668215843.0
TCH,2025-09-26,868680595.0
TCH,2025-11-28,912109224.0
TCH,2026-09-16,1003312808.0
TCX,2018-10-16,105820105.0
TCX,2019-06-13,112359551.0
TCX,2021-05-27,112424680.0
TCX,2022-03-10,112614070.0
TCX,2023-03-07,112699420.0
TCX,2023-07-11,217699420.0
TCX,2024-07-05,217924680.0
TCX,2024-12-24,1961322120.0
TCX,2025-07-23,2080158021.0
TCX,2025-11-21,2311308021.0
TCX,2026-03-17,2311583496.0
TCX,2026-06-16,2773896803.0
TCX,2026-07-21,2774453325.0
TCX,,100000000.0
TPB,2016-08-02,584210500.0
TPB,2021-11-18,1171671722.0
TPB,2022-03-03,1581755495.0
TPB,2023-08-25,2201635009.0
TPB,2024-07-31,2641956196.0
TPB,2025-11-28,2774046873.0
TPB,,856589206.0
TPB,,555000000.0
TPB,,300000000.0
TPB,,125000000.0
VCB,2010-08-16,1322371452.0
VCB,2011-02-15,1758754031.0
VCB,2011-07-20,1969804514.0
VCB,2012-01-09,2317417076.0
VCB,2014-07-29,2665020334.0
VCB,2016-12-16,3597768575.0
VCB,2019-01-16,3708877448.0
VCB,2022-04-14,4732516571.0
VCB,2023-09-27,5589091262.0
VCB,2025-01-23,8355675094.0
VCB,,1210086026.0
VCG,2023-08-11,534465514.0
VCG,2024-11-07,598593458.0
VCG,2026-10-08,698176245.0
VCG,,646468336.0
VCG,,485879878.0
VCG,,441710673.0
VCG,,300000000.0
VCG,,150000000.0
VCI,2016-01-12,52500000.0
VCI,2016-07-20,86000000.0
VCI,2016-12-20,103200000.0
VCI,2017-08-03,120000000.0
VCI,2019-08-21,164400000.0
VCI,2020-10-01,165600000.0
VCI,2021-05-27,166500000.0
VCI,2022-02-17,333000000.0
VCI,2022-08-22,335000000.0
VCI,2022-12-31,435499901.0
VCI,2023-12-31,437500000.0
VCI,2024-08-05,441900000.0
VCI,2024-10-10,574469480.0
VCI,2024-12-06,718099480.0
VCI,2025-07-03,722600000.0
VCI,2025-12-17,850100000.0
VCI,2026-04-21,1147631925.0
VCI,2026-06-29,1152231925.0
VCI,,50000000.0
VCI,,37800000.0
VCI,,36000000.0
VCK,2017-05-16,147000000.0
VCK,2018-10-31,350000000.0
VCK,2021-12-22,570005700.0
VCK,2025-10-15,1280005700.0
VCK,2025-11-18,1482315700.0
VCK,2025-12-30,1521825700.0
VCK,2026-03-24,2434919704.0
VCK,,97000000.0
VGC,2016-08-01,307000000.0
VGC,2017-06-01,427000000.0
VGC,2017-12-01,448350000.0
VGC,,264500000.0
VHC,2000-12-29,1730000.0
VHC,2007-07-14,30000000.0
VHC,2010-03-15,35328000.0
VHC,2010-12-27,47151273.0
VHC,2013-07-04,61404913.0
VHC,2020-01-14,183376956.0
VHC,2023-11-23,187044495.0
VHC,2025-01-06,224453159.0
VHC,2026-05-29,209453159.0
VHC,,92403943.0
VHC,,47511273.0
VHM,2018-02-12,2679611550.0
VHM,2018-11-08,3349513918.0
VHM,2021-10-08,4354367488.0
VHM,2024-12-31,4107412004.0
VHM,2026-08-19,8214824008.0
VIB,2001-10-01,7581000.0
VIB,2003-12-11,17500000.0
VIB,2006-10-04,100000000.0
VIB,2011-08-07,425000000.0
VIB,2016-05-10,564442500.0
VIB,2016-06-08,484500000.0
VIB,2019-02-12,924491395.0
VIB,2021-08-09,1553142993.0
VIB,2022-08-08,2107672945.0
VIB,2024-05-12,2979127815.0
VIB,2025-12-05,3404005710.0
VIB,,2536807534.0
VIB,,1109387852.0
VIB,,783467284.0
VIB,,400000000.0
VIB,,300000000.0
VIB,,200000000.0
VIB,,51000000.0
VIB,,25000000.0
VIB,,7073000.0
VIB,,4554000.0
VIB,,543600.048
VIC,2015-07-28,1842703577.0
VIC,2015-11-27,1862052928.0
VIC,2015-12-07,1863940669.0
VIC,2016-03-18,1939854851.0
VIC,2016-08-02,2153234792.0
VIC,2016-11-01,2637707954.0
VIC,2018-07-03,3191621230.0
VIC,2019-08-23,3275621230.0
VIC,2020-01-31,3444769056.0
VIC,2021-09-10,3867553257.0
VIC,2022-08-16,3868857306.0
VIC,2024-01-05,3878583306.0
VIC,2025-08-28,3880476384.0
VIC,2025-12-13,7733491896.0
VIC,2026-07-15,7762186429.0
VIC,,1454555098.0
VIC,,928110215.0
VIC,,700462055.0
VIC,,391149893.0
VIC,,319633253.0
VIC,,199627238.0
VIC,,119983200.0
VIC,,80000000.0
VIC,,31350000.0
VIX,2007-12-10,30000000.0
VIX,2015-10-26,66762297.0
VIX,2016-07-01,70100165.0
VIX,2017-07-06,73604580.0
VIX,2018-06-29,80964583.0
VIX,2019-02-01,100964583.0
VIX,2019-06-21,116108638.0
VIX,2020-10-28,127718975.0
VIX,2021-11-17,274595229.0
VIX,2022-07-29,549190458.0
VIX,2022-11-09,582139189.0
VIX,2023-07-25,669444725.0
VIX,2024-09-20,1458513173.0
VIX,2025-07-15,1531429858.0
VIX,2026-04-21,2450287772.0
VIX,2026-08-27,2572788533.0
VIX,,60693000.0
VJC,2007-07-23,60000000.0
VJC,2013-05-07,80000000.0
VJC,2015-03-03,100000000.0
VJC,2015-11-03,145000000.0
VJC,2016-05-06,200000000.0
VJC,2016-09-21,250000000.0
VJC,2016-11-17,300000000.0
VJC,2018-01-24,451343284.0
VJC,2025-08-14,591611334.0
VJC,2026-07-22,769092961.0
VJC,,541611334.0
VND,2018-06-01,220430169.0
VND,2021-09-15,434944687.0
VND,2022-05-05,1217844009.0
VND,2024-07-15,1522299908.0
VND,,154998165.0
VND,,99999000.0
VND,,45000000.0
VND,,30000000.0
VND,,5000000.0
VNM,2011-12-31,556114754.0
VNM,2014-09-22,1000641399.0
VNM,2015-09-07,1200662193.0
VNM,2016-08-30,1209549924.0
VNM,2016-09-30,1451453429.0
VNM,2018-10-12,1741687793.0
VNM,2020-10-28,2089955445.0
VNM,,833955796.0
VNM,,353072120.0
VNM,,351265300.0
VNM,,175275700.0
VNM,,166950000.0
VNM,,159000000.0
VNM,,150000000.0
VPB,1994-03-09,7000000.0
VPB,1996-01-05,17490000.0
VPB,2004-05-21,17003086.0
VPB,2004-11-25,19840921.0
VPB,2005-02-25,24375337.0
VPB,2005-10-10,30938619.0
VPB,2006-04-25,50000000.0
VPB,2006-07-07,55555555.0
VPB,2006-10-27,75000000.0
VPB,2007-03-29,150000000.0
VPB,2007-11-20,200000000.0
VPB,2008-09-03,211747433.0
VPB,2010-08-03,245652885.0
VPB,2010-11-26,400000000.0
VPB,2011-09-08,505000000.0
VPB,2012-11-02,577000000.0
VPB,2014-02-19,634741000.0
VPB,2015-05-06,732427000.0
VPB,2015-06-23,805646600.0
VPB,2016-01-19,918100000.0
VPB,2016-12-16,1076545300.0
VPB,2017-07-10,1405908635.0
VPB,2017-11-17,1570623015.0
VPB,2021-12-10,4505692987.0
VPB,2022-12-06,6743423601.0
VPB,2023-10-24,7933923601.0
VPB,,443398071.0
VPB,,2000000.0
VPI,2008-12-03,4580000.0
VPI,2022-10-10,241999617.0
VPI,2024-04-12,320049577.0
VPI,,219999780.0
VPI,,199999900.0
VPI,,160000000.0
VPI,,62425800.0
VPI,,26220000.0
VPI,,53800000.0
VPI,,17280000.0
VPI,,5080000.0
VPL,2007-05-04,75000000.0
VPL,2007-09-25,100000000.0
VPL,2020-12-31,1338922822.0
VPL,2024-03-15,1723212204.0
VPL,2026-03-31,1793300377.0
VPL,2026-06-26,1877450377.0
VPL,,759000000.0
VPL,,750000000.0
VPL,,668600000.0
VPL,,668100000.0
VPL,,698100000.0
VPL,,453800000.0
VPL,,204000000.0
VPL,,201800000.0
VPL,,446000000.0
VPL,,402000000.0
VPL,,157700000.0
VPL,,110100000.0
VPL,,205500000.0
VPL,,179900000.0
VPL,,113000000.0
VPL,,39000000.0
VPL,,29000000.0
VPX,2009-04-08,3600000.0
VPX,2012-07-06,5600000.0
VPX,2021-09-27,26880000.0
VPX,2022-09-27,882900000.0
VPX,2023-02-03,1500000000.0
VPX,2025-11-18,1875000000.0
VRE,2013-07-01,577380000.0
VRE,2013-12-01,930380000.0
VRE,2014-04-01,1201058000.0
VRE,2015-06-01,1201967800.0
VRE,2015-07-01,1417224547.0
VRE,2016-03-01,1571716327.0
VRE,2016-05-01,1697138641.7829
VRE,2016-10-01,1708923742.0
VRE,2016-12-01,2109172495.0
VRE,2017-09-01,1901078733.0
VRE,2017-09-01,2151092495.0
VRE,2018-11-01,2328818410.0
VRE,,294420000.0
VSC,2008-06-27,9624600.0
VSC,2013-08-06,28812650.0
VSC,2015-07-02,41416042.0
VSC,2016-06-27,45557142.0
VSC,2017-12-31,50112304.0
VSC,2019-07-11,55122798.0
VSC,2022-01-27,110245596.0
VSC,2022-07-14,121269397.0
VSC,2024-09-26,286796819.0
VSC,2025-02-28,299500819.0
VSC,2025-06-24,374370362.0
VSC,,266791284.0
VSC,,133395642.0
VSC,,24038502.0
VSC,,23894502.0
VSC,,12030551.0
VSC,,8037334.0
VSC,,5799150.0
VTP,2019-12-07,58505972.0
VTP,2021-05-08,103558492.0
VTP,2022-11-11,113217237.0
VTP,2026-07-08,201885171.0
VTP,2026-09-06,172029898.0
VTP,,121783042.0
VTP,,113174057.0
VTP,,83047926.0
VTP,,59619208.0
VTP,,41376600.0
VTP,,29682200.0
VTP,,22885800.0
VTP,,18192700.0
VTP,,6899500.0
VTP,,6000000.0
