symbol,year,book_equity,total_assets,net_sales,cogs,selling_exp,admin_exp,interest_exp
ACB,2025,94519719000000.0,1025850127000000.0,,,,-10924359000000.0,
ACB,2024,83461678000000.0,864005703000000.0,,,,-10902603000000.0,
ACB,2023,70955961000000.0,718794589000000.0,,,,-10874286000000.0,
ACB,2022,58438663000000.0,607875185000000.0,,,,-11605045000000.0,
ACB,2021,44900909000000.0,527769944000000.0,,,,-8229776000000.0,
ACB,2020,35448163000000.0,444530104000000.0,,,,-7624268000000.0,
ACB,2019,27765359000000.0,383514439000000.0,,,,-8307596000000.0,
ACB,2018,21017899000000.0,329333241000000.0,,,,-6712217000000.0,
ANV,2025,3526868707406.0,5824715466874.0,6951508258365.0,-5328575951004.0,-378621556607.0,-71899249428.0,-68099345481.0
ANV,2024,2796693826269.0,4862270517905.0,4911265972913.0,-4350893868111.0,-280323845208.0,-85814451161.0,-91346541557.0
ANV,2023,2847866755609.0,5112670123139.0,4439122632880.0,-3991672291149.0,-188416893163.0,-75715825411.0,-137293023317.0
ANV,2022,2882202985499.0,5467653137750.0,4896647040438.0,-3561104727938.0,-378198470565.0,-94215760513.0,-105147390933.0
ANV,2021,2335585626152.0,4887179840940.0,3493926321274.0,-2940612855979.0,-280956940056.0,-56474052865.0,-102959352877.0
ANV,2020,2333974303420.0,4834079659323.0,3438664359684.0,-2953993101824.0,-185263413739.0,-56561834630.0,-61916606514.0
ANV,2019,2386059762491.0,4134597620335.0,4480866466625.0,-3438294141749.0,-190709050070.0,-46560789498.0,-48824417551.0
ANV,2018,1847982700757.0,3425068628722.0,4117989393205.0,-3255666716712.0,-160835971165.0,-8659023070.0,-45918386754.0
BAF,2025,4064121440569.0,10780028795300.0,5037851279304.0,-4355999759423.0,-85114023835.0,-241046166245.0,-257832397308.0
BAF,2024,2935751653618.0,7449030044505.0,5640685734268.0,-4924408550657.0,-76630177559.0,-137280743174.0,-200749516378.0
BAF,2023,1908322023619.0,6533660695830.0,5198785295390.0,-4855521787959.0,-93220306421.0,-99534558673.0,-141443303310.0
BAF,2022,1742668059914.0,4729096092916.0,7083418349258.0,-6558010136271.0,-72229870717.0,-87624647284.0,-36331151929.0
BAF,2021,1454818471466.0,5457246010443.0,10434354736315.0,-9946794250651.0,-15742973158.0,-54255438010.0,-8252007658.0
BAF,2020,565588418869.0,5245832595840.0,12845606077426.0,-12650419341158.0,-1662852857.0,-14840343136.0,-114976065796.0
BAF,2018,19412397958.0,3613235883927.0,9136959248638.0,0.0,0.0,0.0,0.0
BCM,2025,23371674955086.0,60941012421870.0,6953015337399.0,-2788443279846.0,-1006508788871.0,-741491404812.0,-1375903308289.0
BCM,2024,20679200335365.0,58780757768275.0,5239236560627.0,-1740864190339.0,-1067340280879.0,-646393351060.0,-1294979159189.0
BCM,2023,19472890868829.0,53423901937257.0,7882566359226.0,-3634733022767.0,-873156796031.0,-592087610965.0,-906131859386.0
BCM,2022,17764824309155.0,48305441510403.0,6565186159079.0,-3790909227312.0,-763860128555.0,-533809802709.0,-879326949337.0
BCM,2021,17097612013878.0,48998420778613.0,6981767533356.0,-3759144314641.0,-623840704299.0,-596936462567.0,-768695281371.0
BCM,2020,16577572362473.0,49116564806591.0,6506633596858.0,-3245441164439.0,-702668534758.0,-648874356089.0,-582461642775.0
BCM,2019,15750120751105.0,43515596287419.0,8213443164086.0,-4826181247206.0,-801918149009.0,-773427851053.0,-649005935922.0
BCM,2018,13490782149015.0,45185042708904.0,6537586018100.0,-3277446321744.0,-693488245281.0,-517654327068.0,-717608553826.0
BID,2025,173552902000000.0,3330825720000000.0,,,,-30427752000000.0,
BID,2024,144984194000000.0,2760906964000000.0,,,,-27979504000000.0,
BID,2023,122866889000000.0,2300868728000000.0,,,,-25080598000000.0,
BID,2022,104118505000000.0,2120676711000000.0,,,,-22714597000000.0,
BID,2021,86329026000000.0,1761695792000000.0,,,,-19465321000000.0,
BID,2020,79646612000000.0,1516685712000000.0,,,,-17692960000000.0,
BID,2019,77652981000000.0,1489957293000000.0,,,,-17257115000000.0,
BID,2018,54489656000000.0,1312866249000000.0,,,,-16016084000000.0,
BMP,2025,2877457822179.0,3378833589624.0,5509577971238.0,-2970013793811.0,-710594834912.0,-166090002521.0,-13860002.0
BMP,2024,2701698690635.0,3200494976288.0,4615678655546.0,-2627051787554.0,-555916198609.0,-119640553673.0,-20863234.0
BMP,2023,2689728981899.0,3255000928111.0,5156984370216.0,-3040564400058.0,-676251353235.0,-106918740381.0,-38676662.0
BMP,2022,2621318604133.0,3044791993793.0,5808344375260.0,-4200684049568.0,-503332468504.0,-128936965691.0,-27578302.0
BMP,2021,2293474780117.0,2838021003777.0,4552756604117.0,-3848837736824.0,-281415832067.0,-87569890551.0,-39575792.0
BMP,2020,2471524642661.0,3022745555182.0,4685640326405.0,-3438658560035.0,-485053580341.0,-63737864888.0,-50844435.0
BMP,2019,2469283578651.0,2849907148356.0,4337339410618.0,-3349334639351.0,-270352326675.0,-116704322723.0,-125174350.0
BMP,2018,2453652521734.0,2812198589261.0,3919637438056.0,-3047590783016.0,-165853774242.0,-97832603890.0,-292427536.0
BSI,2025,5527757894191.0,16627752225049.0,2097190451600.0,,0.0,-207497295383.0,0.0
BSI,2024,5061881530671.0,10315055682765.0,1410672301781.0,,0.0,-187104323760.0,0.0
BSI,2023,4684415112510.0,8326378957897.0,1258998058599.0,,0.0,-166227088970.0,0.0
BSI,2022,4366397458467.0,5591086508708.0,1089005392430.0,,0.0,-117886563588.0,0.0
BSI,2021,1719257051388.0,6004732402734.0,1333024979176.0,,0.0,-127020913681.0,0.0
BSI,2020,1490452962672.0,2921020750104.0,912577380050.0,,0.0,-95371381046.0,0.0
BSI,2019,1379953394160.0,2390601369821.0,608349810468.0,,0.0,-74201324898.0,0.0
BSI,2018,1442326829809.0,1759371620654.0,911959221308.0,,0.0,-84738669719.0,0.0
BSR,2025,60513085633865.0,85143227486974.0,141582149107302.0,-135468230531406.0,-824373238880.0,-751408854458.0,-273642324293.0
BSR,2024,55538009032139.0,88386867728798.0,123027063879559.0,-122535994149733.0,-652066552695.0,-561376142119.0,-260793426455.0
BSR,2023,57268695746376.0,86594660994410.0,147423365943576.0,-137663837918959.0,-1032111954829.0,-623486470367.0,-287654759616.0
BSR,2022,51190346872060.0,78487929061850.0,167123712786024.0,-151027307397420.0,-908980731417.0,-514762438322.0,-252789589546.0
BSR,2021,37563804992111.0,66795662728649.0,101080035258130.0,-93381313715080.0,-781029744856.0,-406693387067.0,-406811371357.0
BSR,2020,31064538930922.0,55894934071073.0,57959112673412.0,-60183939693526.0,-551873123765.0,-269294376639.0,-325082824759.0
BSR,2019,34053597003711.0,53583992996059.0,102823752645297.0,-98850991293829.0,-714115014949.0,-389424547940.0,-359859613027.0
BSR,2018,31377546329840.0,53211604809681.0,111952253580276.0,-106914028086136.0,-749974515892.0,-338526426301.0,-456017813481.0
BVH,2025,291805652090226.0,291805652090226.0,40948251401814.0,,0.0,0.0,
BVH,2024,251286326838124.0,251286326838124.0,39823175683648.0,,0.0,0.0,
BVH,2023,221159823067196.0,221159823067196.0,40085479193176.0,,0.0,0.0,
BVH,2022,201663976385114.0,201663976385114.0,40688247074927.0,,0.0,0.0,
BVH,2021,169504598786269.0,169504598786269.0,36830138479863.0,,0.0,0.0,
BVH,2020,146412800818360.0,146412800818360.0,34524044284544.0,,-2366157942795.0,0.0,
BVH,2019,128238238184487.0,128238238184487.0,33309136087180.0,,-1698659395263.0,0.0,
BVH,2018,113174755454063.0,113174755454063.0,29063484567594.0,,-1697627352951.0,0.0,
BWE,2025,6289278350192.0,15148255852020.0,4542868049098.0,-2585192863327.0,-414959639318.0,-279867788507.0,-389280023455.0
BWE,2024,5512728419930.0,14199525343428.0,3958997823072.0,-2265244750070.0,-382326744296.0,-261250567071.0,-351835216080.0
BWE,2023,4963757389338.0,12121720381528.0,3525936181744.0,-1962320990062.0,-370124454272.0,-213812575167.0,-344396591022.0
BWE,2022,4537838456287.0,9987292157923.0,3483746674741.0,-2062680280274.0,-320162135327.0,-181992620764.0,-170492600996.0
BWE,2021,3925336410777.0,9073853965987.0,3118867216733.0,-1804086443324.0,-324823029624.0,-145443725956.0,-154713371551.0
BWE,2020,3409358638993.0,8245843456390.0,3025337455580.0,-1789258947036.0,-356175239117.0,-132884167797.0,-155533630972.0
BWE,2019,2199762186087.0,6207482520283.0,2545676753341.0,-1510715243446.0,-309317467193.0,-107133257085.0,-143864874018.0
BWE,2018,4126374990468.0,13777983140868.0,2197515745549.0,-1326235069961.0,-274622236908.0,-110537370549.0,-131581096936.0
CII,2025,11957108313065.0,37524891642819.0,2960267601553.0,-1298480136720.0,-82761752031.0,-489780461418.0,-1278865233363.0
CII,2024,9159139980320.0,36722431033992.0,3027742956120.0,-1363536334642.0,-83761287417.0,-540779453177.0,-1299557806901.0
CII,2023,8505328220948.0,33184094516398.0,3089709940045.0,-1934641230864.0,-79931706748.0,-468374365569.0,-1314472998728.0
CII,2022,8301006107213.0,28559496484792.0,5747990668290.0,-4404023358553.0,-76865705532.0,-461975667642.0,-1119155480993.0
CII,2021,8378778491690.0,30870173187113.0,2860034048409.0,-2036064393949.0,-62945222581.0,-494236687562.0,-1133805564396.0
CII,2020,7785611797819.0,29547034101498.0,5374091664520.0,-4229385489945.0,-157032487871.0,-532995652932.0,-901113135134.0
CII,2019,8706105664028.0,29249127937117.0,1813161121691.0,-1242910738099.0,-40199009381.0,-542395441037.0,-729269062304.0
CII,2018,7713483398448.0,22271753853050.0,2686002677838.0,-1937276901153.0,-34923399670.0,-515112107921.0,-632222454399.0
CMG,2025,3991472854303.0,10048216349475.0,9111140925785.0,-7411425759834.0,-551595698950.0,-604119673762.0,-101042890268.0
CMG,2024,3585717323463.0,7719734866866.0,7933915558118.0,-6486869922465.0,-528827726636.0,-502627976109.0,-78903947755.0
CMG,2023,3273529578105.0,7279034429500.0,7504763292833.0,-6127289389072.0,-523279765820.0,-477985621149.0,-105555500340.0
CMG,2022,3075648115856.0,6922756263417.0,7608514143508.0,-6189330123035.0,-542362798997.0,-461304559088.0,-88318350455.0
CMG,2021,2590378390343.0,5996182127446.0,5846134066344.0,-4810201707347.0,-410843041418.0,-299718276929.0,-66388581451.0
CMG,2020,2345165701289.0,5101362986744.0,4923899154586.0,-3998539994767.0,-381271863049.0,-300238969461.0,-80431713492.0
CMG,2019,2263221654419.0,4724330658855.0,5031782014471.0,-4116093473355.0,-343948530668.0,-310948581635.0,-62739940436.0
CMG,2018,1370493528595.0,3593509827248.0,4955638202838.0,-4167038029445.0,-303981080239.0,-270716384377.0,-41305297458.0
CTD,2025,9385337105554.0,34442241560980.0,30699048782652.0,-29593687616520.0,-1113646411.0,-382278528704.0,-178000831576.0
CTD,2024,8688770305789.0,27076862120048.0,22905777578080.0,-22060051638160.0,-1065372003.0,-594485335613.0,-115697287858.0
CTD,2023,8407432424176.0,21651893357725.0,16528214803368.0,-16102236570309.0,-40602692.0,-398184674406.0,-96138110828.0
CTD,2022,8213962257245.0,18967071946667.0,14536948503110.0,-14050214386118.0,0.0,-734758141359.0,-79172332132.0
CTD,2021,8247560732814.0,13924612376531.0,9077915407373.0,-8802717841835.0,0.0,-516298035944.0,-1110696092.0
CTD,2020,8398669476041.0,14157413678883.0,14558086434968.0,-13701679421556.0,0.0,-655860103467.0,0.0
CTD,2019,8469520678559.0,16198834654727.0,23733028252165.0,-22684921110980.0,0.0,-458979143450.0,0.0
CTD,2018,7962493198894.0,16823061946342.0,28560857297395.0,-26727845024426.0,0.0,-505217213266.0,0.0
CTG,2025,179655005000000.0,2767699300000000.0,,,,-26552924000000.0,
CTG,2024,148504708000000.0,2385387732000000.0,,,,-22545929000000.0,
CTG,2023,125871820000000.0,2032613606000000.0,,,,-20443499000000.0,
CTG,2022,108316308000000.0,1808810868000000.0,,,,-19194714000000.0,
CTG,2021,93649511000000.0,1531587398000000.0,,,,-17185850000000.0,
CTG,2020,85439224000000.0,1341509978000000.0,,,,-16069428000000.0,
CTG,2019,77354818000000.0,1240711475000000.0,,,,-15734862000000.0,
CTG,2018,67316334000000.0,1164289661000000.0,,,,-14084040000000.0,
CTR,2025,2067176259430.0,8185544854669.0,13939517269142.0,-12957576695759.0,0.0,-247615045763.0,-92827413128.0
CTR,2024,1865063262319.0,7106257863668.0,12609519560081.0,-11725297850560.0,0.0,-168599256242.0,-60826401868.0
CTR,2023,1996694305242.0,6991006086509.0,11370408272724.0,-10468527869775.0,0.0,-247881386173.0,-84837242075.0
CTR,2022,1637090989735.0,6060012376089.0,9466997451987.0,-8710415826649.0,0.0,-189088231316.0,-23036834469.0
CTR,2021,1311715505036.0,3963439810451.0,7446888026068.0,-6818891327642.0,0.0,-160527970661.0,-6429800020.0
CTR,2020,1060862054712.0,3879102101635.0,6359187330750.0,-5884630071525.0,0.0,-147543777064.0,0.0
CTR,2019,867062548049.0,2443638102513.0,5099889976331.0,-4795987908617.0,0.0,-101088212373.0,0.0
CTR,2018,775823305134.0,2320859254725.0,4276731191297.0,-4017972089257.0,0.0,-104692667102.0,-218901727.0
CTS,2025,2855436389514.0,12410698820601.0,2095841946317.0,,0.0,-160467913465.0,0.0
CTS,2024,2252908911754.0,8698121752031.0,1032246753412.0,,0.0,-138618995359.0,0.0
CTS,2023,2037934556956.0,8457052562089.0,1144231385757.0,,0.0,-123433295428.0,0.0
CTS,2022,1854319844096.0,5036970412985.0,872155112633.0,,0.0,-89790225136.0,0.0
CTS,2021,1811808740764.0,6685686401841.0,1064553362036.0,,0.0,-81975963065.0,0.0
CTS,2020,1437439798689.0,4273706411610.0,608986689022.0,,0.0,-56062515618.0,0.0
CTS,2019,1313042385016.0,2799852909842.0,504977939140.0,,0.0,-47703782260.0,0.0
CTS,2018,1315078616187.0,2576739623339.0,652785978487.0,,0.0,-50454230281.0,0.0
DBC,2025,8069062498527.0,15976734904060.0,14897670454474.0,-12151103304950.0,-510241872945.0,-447545834363.0,-261108596916.0
DBC,2024,6766079699901.0,14121555827597.0,13573523231898.0,-11640078007663.0,-469098857795.0,-391719812986.0,-263668549326.0
DBC,2023,4666234857446.0,13011704257872.0,11110000756812.0,-9995759533961.0,-432440161015.0,-356355906770.0,-261799262786.0
DBC,2022,4641227663231.0,12974103921350.0,11557594666247.0,-10598058965427.0,-403169934750.0,-343520530816.0,-179749859502.0
DBC,2021,4685923120134.0,10862554292155.0,10812794593141.0,-8959835563715.0,-405236274419.0,-344480753443.0,-182280276266.0
DBC,2020,4206960190688.0,10101271295241.0,10021583505683.0,-7463897833139.0,-380425428122.0,-339149837912.0,-309819328258.0
DBC,2019,3025957478860.0,9591924923000.0,7186757173749.0,-6020208085226.0,-267546339711.0,-293922671278.0,-281784606072.0
DBC,2018,2746528417636.0,8350013449187.0,6674305470816.0,-5595581185533.0,-258384611438.0,-281328855897.0,-188946659079.0
DCM,2025,10794362396761.0,17643638367886.0,16630930288830.0,-12582272851807.0,-1175971610853.0,-967950624433.0,-70405254339.0
DCM,2024,10177176600982.0,15728847338145.0,13455585149640.0,-10942100894031.0,-1014369800748.0,-481047001909.0,-44380805249.0
DCM,2023,9963383234158.0,15237966427299.0,12570542089828.0,-10538742407968.0,-800631458171.0,-548556889165.0,-10155714106.0
DCM,2022,10605448816520.0,14166860720016.0,15924526874399.0,-10221097432231.0,-698294873644.0,-652594258961.0,-10274784277.0
DCM,2021,7478097275386.0,11072121334925.0,9869762904637.0,-7088825980325.0,-420401252844.0,-528491737615.0,-18580201013.0
DCM,2020,6326447669948.0,8717480691611.0,7561275100418.0,-6244427300529.0,-369000315151.0,-304406663012.0,-43301059166.0
DCM,2019,6106327250079.0,10172594752746.0,7042966930117.0,-6083774733267.0,-364058697253.0,-201319201758.0,-87172530234.0
DCM,2018,6268872250899.0,11030586388032.0,6689328536776.0,-5252270494230.0,-336114695573.0,-320103363112.0,-142052771852.0
DGW,2025,3472366359545.0,11259354886919.0,26631545770247.0,-24320550712820.0,-1368530734060.0,-224313930431.0,-138276822812.0
DGW,2024,3011998769288.0,8499324394371.0,22078832142166.0,-20023348736267.0,-1284703148478.0,-244263029014.0,-96102142900.0
DGW,2023,2626850436290.0,7459032967112.0,18817475347721.0,-17257979824162.0,-943855496764.0,-198420426467.0,-122212057838.0
DGW,2022,2423281733277.0,6355421123548.0,22028134929534.0,-20365038536063.0,-722407497398.0,-135818669800.0,-94462125254.0
DGW,2021,1781284667382.0,6544822568016.0,20922813468779.0,-19414819300276.0,-708282903403.0,-113703929084.0,-31886522705.0
DGW,2020,1158586293766.0,3068747129430.0,12535637837430.0,-11732855520719.0,-434359274700.0,-90216582365.0,-27018043416.0
DGW,2019,924848413018.0,2405055202067.0,8488068610115.0,-7939942178839.0,-248282992922.0,-100526980788.0,-47582349664.0
DGW,2018,766479479821.0,2223336113606.0,5937370646801.0,-5568464365609.0,-134531147963.0,-91237772756.0,-32134890085.0
DIG,2025,10025617012267.0,18959638759856.0,4717667238827.0,-3601415457075.0,-65503843189.0,-206032413963.0,-97242285512.0
DIG,2024,8041310545116.0,18539323581176.0,1300998943328.0,-1002803572463.0,-43616009912.0,-180302907673.0,-47361629699.0
DIG,2023,7893557882035.0,16827606938588.0,1025746701725.0,-782177229183.0,-42315124804.0,-153551923652.0,-97694058059.0
DIG,2022,7794735007082.0,14747796227885.0,1896688722277.0,-1264377255725.0,-102059681942.0,-173817663571.0,-243164900279.0
DIG,2021,7671482939435.0,16846904640870.0,2568688844439.0,-1729198714955.0,-197134334653.0,-154539356736.0,-96056007775.0
DIG,2020,4790129230371.0,11826163041713.0,2487174015553.0,-1846705794144.0,-144047086829.0,-150149648357.0,-37386634438.0
DIG,2019,4009446195525.0,8197228507758.0,2115744373631.0,-1475079355633.0,-114152311617.0,-150401335317.0,-37280602441.0
DIG,2018,3219359845424.0,6832108167420.0,2345008145519.0,-1780424589133.0,-107969204566.0,-142520178119.0,-21663032812.0
DPM,2025,11532536845990.0,17776328981155.0,16564377832011.0,-13625821639833.0,-1016528129107.0,-912522374013.0,-142016103915.0
DPM,2024,11179836420269.0,16552286447507.0,13496142223703.0,-11598010673565.0,-837208423254.0,-702811258885.0,-47838183679.0
DPM,2023,11545199773844.0,13309260029583.0,13569185518411.0,-11917438631877.0,-848444338144.0,-502354622004.0,-50638299383.0
DPM,2022,14017438764568.0,17698795735776.0,18627179544265.0,-10788959662813.0,-977707327576.0,-556278720793.0,-64787709845.0
DPM,2021,10713159720643.0,13917930244401.0,12786141193352.0,-8000602438317.0,-817762955253.0,-424973596372.0,-69266472919.0
DPM,2020,8247499340888.0,11299941305395.0,7761818604563.0,-6032014990990.0,-654617057501.0,-409071818150.0,-88463426175.0
DPM,2019,8161435444583.0,11440308263594.0,7683541208058.0,-6281448254606.0,-554758002570.0,-415339815960.0,-106897449564.0
DPM,2018,8255009858297.0,11134256808138.0,9297111550409.0,-7397640258893.0,-612322153525.0,-485710294387.0,-62586468519.0
DSE,2025,4302329810995.0,15139226704905.0,1457912226141.0,,0.0,-181404260577.0,0.0
DSE,2024,4029800184357.0,10637252118272.0,807411969647.0,,0.0,-151909511385.0,0.0
DSE,2023,3305345408865.0,7446062695121.0,714513630828.0,,0.0,-94313051564.0,0.0
DSE,2022,3136361147259.0,6409144848072.0,452087667139.0,,0.0,-37071988580.0,0.0
DSE,2021,1058567726847.0,2315226187742.0,180690909115.0,,0.0,-14861502475.0,0.0
DSE,2020,164087204238.0,187309344131.0,21631311339.0,,0.0,-6832453901.0,0.0
DSE,2019,161934559827.0,176591976116.0,18428386623.0,,0.0,-5803243111.0,0.0
DSE,2018,162046842718.0,164730076013.0,27496832382.0,,0.0,-6137084966.0,0.0
DXG,2025,20882509462227.0,38014588960817.0,4191885173894.0,-1903346811036.0,-817897350912.0,-598276169102.0,-288260271286.0
DXG,2024,15202281281177.0,29183374176075.0,4795471317826.0,-2489822897505.0,-734577364641.0,-430767842398.0,-420300072166.0
DXG,2023,14186367907641.0,28786440854317.0,3724825944342.0,-2014444091532.0,-585675082461.0,-390860153660.0,-536714234843.0
DXG,2022,14084931650452.0,30320666425409.0,5511715152194.0,-2541687160903.0,-1056802243719.0,-1083002678333.0,-462171780556.0
DXG,2021,13381475140394.0,28254061055415.0,10089384737838.0,-4491591910436.0,-1887483177447.0,-997632206311.0,-467967195740.0
DXG,2020,9084040699674.0,23311433045215.0,2890653883727.0,-1016048215123.0,-488535848176.0,-594046060241.0,-308766244179.0
DXG,2019,9227821368084.0,19880517214813.0,5813577732018.0,-2729975508597.0,-483126308561.0,-501464017669.0,-198518758945.0
DXG,2018,6199094085983.0,13728714740541.0,4645318562532.0,-2030544378590.0,-433804796676.0,-345927634999.0,-162515347183.0
EIB,2025,26006343000000.0,273270407000000.0,,,,-4253362000000.0,
EIB,2024,25099406000000.0,239767994000000.0,,,,-3400146000000.0,
EIB,2023,22444999000000.0,201416835000000.0,,,,-3140808000000.0,
EIB,2022,20479900000000.0,185056051000000.0,,,,-3475409000000.0,
EIB,2021,17784908000000.0,165831996000000.0,,,,-2514159000000.0,
EIB,2020,16819490000000.0,160435177000000.0,,,,-2438684000000.0,
EIB,2019,15749313000000.0,167538318000000.0,,,,-2700748000000.0,
EIB,2018,14883534000000.0,152652063000000.0,,,,-2900904000000.0,
EVF,2025,9876289000000.0,83058158000000.0,,,,-280526000000.0,
EVF,2024,9007188000000.0,59598561000000.0,,,,-153005000000.0,
EVF,2023,8456218000000.0,49221131000000.0,,,,-297004000000.0,
EVF,2022,4335080000000.0,42197921000000.0,,,,-327238000000.0,
EVF,2021,3984169000000.0,32387465000000.0,,,,-248631000000.0,
EVF,2020,3665885000000.0,28804893000000.0,,,,-303212000000.0,
EVF,2019,3450551000000.0,22123812000000.0,,,,-361262000000.0,
EVF,2018,3231685000000.0,20057008000000.0,,,,-213418000000.0,
FPT,2025,43748040747539.0,88141991634625.0,70112825100710.0,-44224295588297.0,-7562660640454.0,-7337325397804.0,-809759601156.0
FPT,2024,35727540104800.0,71999995678620.0,62848794351367.0,-39150445981451.0,-6115961971783.0,-7074038614774.0,-551639361786.0
FPT,2023,29933011216233.0,60282827532899.0,52617900827385.0,-32298347382703.0,-5242551906960.0,-6625373638359.0,-832648611261.0
FPT,2022,25356124687812.0,51650403735130.0,44009527680911.0,-26842249039713.0,-4526440691815.0,-5846280653514.0,-645725556308.0
FPT,2021,21417985230037.0,53697940895875.0,35657262545027.0,-22025298308249.0,-3604610784981.0,-4612325935574.0,-483995846804.0
FPT,2020,18605667400728.0,41734323235194.0,29830400526824.0,-18016743052097.0,-2713561338553.0,-4495366457586.0,-385337754896.0
FPT,2019,16799289401006.0,33394164263694.0,27716960152275.0,-17004910529153.0,-2345957646507.0,-4219254770652.0,-358987537452.0
FPT,2018,14774970765111.0,29757067149568.0,23213536857725.0,-14490657872236.0,-2047833577540.0,-3553288111032.0,-238344431747.0
FRT,2025,5139070693233.0,23714236170376.0,51082868444768.0,-41073163986683.0,-7018206246026.0,-1677744619772.0,-388595922369.0
FRT,2024,2119813714328.0,15832550399101.0,40104492531184.0,-32521431587237.0,-5527210989725.0,-1365833850070.0,-253428831252.0
FRT,2023,1719170578157.0,13098449902604.0,31849649616720.0,-26688006159054.0,-4169668799072.0,-1076478805719.0,-284917373606.0
FRT,2022,2049335540169.0,10523796935046.0,30165800756670.0,-25462623377413.0,-3259297597681.0,-887338884656.0,-231527904809.0
FRT,2021,1679274238761.0,10820339800918.0,22494961408082.0,-19343448146483.0,-2071124789339.0,-585528444388.0,-132229176761.0
FRT,2020,1225129904764.0,5387577886028.0,14661417032222.0,-12620414733505.0,-1565736555190.0,-397884049877.0,-113682404790.0
FRT,2019,1279363319277.0,6593773034422.0,16633959747163.0,-14522902581026.0,-1419309973054.0,-349010009416.0,-135183263352.0
FRT,2018,1158767132623.0,5167669414965.0,15298334565898.0,-13254725142547.0,-1296274813568.0,-286839549948.0,-95670507863.0
FTS,2025,4419966471274.0,13919681054918.0,1205808101002.0,,0.0,-85552355407.0,0.0
FTS,2024,4117969099891.0,9759561100433.0,1147748531060.0,,0.0,-89837818690.0,0.0
FTS,2023,3643935758855.0,8234683118841.0,944166710638.0,,0.0,-83577142127.0,0.0
FTS,2022,3348029743223.0,5287996409107.0,850241318065.0,,0.0,-76663865677.0,0.0
FTS,2021,2982643887261.0,9455959420408.0,1383479260656.0,,0.0,-60263821454.0,0.0
FTS,2020,2202166223231.0,3395722971672.0,403535463934.0,,0.0,-53194398404.0,0.0
FTS,2019,2111021485315.0,2523654562666.0,386645325835.0,,0.0,-52058406833.0,0.0
FTS,2018,1975176502150.0,2501712916173.0,695243914889.0,,0.0,-50531803298.0,0.0
GAS,2025,67653389117937.0,93568198109790.0,135129055328395.0,-118078501968730.0,-2602003953433.0,-1324034343451.0,-216056324707.0
GAS,2024,61570995265630.0,81854881408158.0,103564126562888.0,-85909769124140.0,-2415289067133.0,-3197034309940.0,-318596953375.0
GAS,2023,65298620274393.0,87754455330448.0,89953906513325.0,-73028985057627.0,-2543871863091.0,-1474856883595.0,-339976056558.0
GAS,2022,61173563555141.0,82662652366363.0,100723549227433.0,-79409012569544.0,-2440389587646.0,-1074753539576.0,-336861023097.0
GAS,2021,52192730675130.0,78768074688564.0,78992156122272.0,-65006501143931.0,-2132583045802.0,-1479072397239.0,-304138743377.0
GAS,2020,49499680985454.0,63208401030103.0,64134965486838.0,-52728949502327.0,-1943004886832.0,-769205023620.0,-101218192497.0
GAS,2019,49614531357631.0,62178787389634.0,75005297175406.0,-58086688538104.0,-2394374579372.0,-875266258698.0,-197609807262.0
GAS,2018,46867125112614.0,62614420245293.0,75611546239412.0,-58120227682208.0,-2638679383447.0,-1127931765213.0,-440018194452.0
GEE,2025,8397054827274.0,16345960484828.0,25463150540154.0,-21352367879327.0,-501230714277.0,-672777027693.0,-230634956227.0
GEE,2024,6953437285925.0,12903267306413.0,21129621819327.0,-18065660920766.0,-410091473654.0,-457243436130.0,-269291875033.0
GEE,2023,5951879834915.0,13722932430964.0,16607268526513.0,-14581337221301.0,-327729790359.0,-420242788855.0,-575944738472.0
GEE,2022,6003443439284.0,17419623160026.0,16664672537614.0,-14550681716128.0,-348744839303.0,-408238567370.0,-716192111956.0
GEE,2021,5987393092936.0,23123789280402.0,18714205861145.0,-16884083731929.0,-360858347287.0,-387450215643.0,-516390762541.0
GEX,2025,30173605173562.0,73592590903667.0,39512528150953.0,-31095988159301.0,-1428321098446.0,-2067782053064.0,-1197930304353.0
GEX,2024,23257960536946.0,53782318218822.0,33752305412973.0,-26990119882838.0,-1278637559756.0,-1750292537425.0,-1077046187606.0
GEX,2023,21223758403105.0,55076875644451.0,29997835848957.0,-24489090822910.0,-1140667296329.0,-1574517688723.0,-1378991490271.0
GEX,2022,21043377859729.0,52384834524135.0,32088752521984.0,-25630732313414.0,-1289959042165.0,-1668152641326.0,-1363217088136.0
GEX,2021,20497801604736.0,61189346991646.0,28578398634449.0,-24205377339050.0,-887044001805.0,-1289304525228.0,-1125042134182.0
GEX,2020,8215186626885.0,27152092659708.0,17948712922436.0,-15321523056447.0,-470412298616.0,-640854628605.0,-766000118220.0
GEX,2019,8677038182335.0,21261915628050.0,15314985918522.0,-12576002760296.0,-485794579998.0,-735308673393.0,-634359800542.0
GEX,2018,7964954540760.0,17246488172330.0,13699129512287.0,-11483443422289.0,-347473303870.0,-643744982432.0,-447395281623.0
GMD,2025,14918254153163.0,19826401375577.0,5956025297015.0,-3216552758085.0,-481965603944.0,-610544456639.0,-112580748513.0
GMD,2024,13771926002556.0,17997853312717.0,4832024798961.0,-2696544401941.0,-247200313981.0,-574838485710.0,-139487501839.0
GMD,2023,9732374052019.0,13546025168428.0,3845826296568.0,-2067811109265.0,-109543154417.0,-551943343263.0,-134993138662.0
GMD,2022,7947756019956.0,13030653009572.0,3898243608570.0,-2180183031483.0,-142172449496.0,-524441250459.0,-130756997659.0
GMD,2021,7044618371909.0,10731211063284.0,3206290165333.0,-2064489230639.0,-154146091638.0,-294784653891.0,-119252955378.0
GMD,2020,6594929258004.0,9834544207268.0,2605666369829.0,-1656081835186.0,-137355616968.0,-341473916467.0,-146594706568.0
GMD,2019,6567256865622.0,10119906897002.0,2642913926204.0,-1630141018915.0,-137995085033.0,-330636183944.0,-145399814157.0
GMD,2018,6528982446537.0,9984063244119.0,2707556390735.0,-1739451058619.0,-102006248164.0,-320526194092.0,-128796150372.0
GVR,2025,62201582701022.0,86282461490860.0,29078055684320.0,-20425399038398.0,-477291621028.0,-3209454785461.0,-240727726843.0
GVR,2024,58397162212108.0,83383682512004.0,26241944114845.0,-19276896067715.0,-554280177352.0,-2325102410148.0,-352905202449.0
GVR,2023,54977202916058.0,78062093620098.0,22138403152486.0,-17175504672774.0,-591451294471.0,-1864450111955.0,-477578421406.0
GVR,2022,53515557543466.0,78447873682328.0,25421401285123.0,-19031442351474.0,-592312872341.0,-1756840052036.0,-490848598668.0
GVR,2021,51940039448199.0,79014197735384.0,26189593001148.0,-18614304897718.0,-507093532539.0,-1681979286962.0,-607999588765.0
GVR,2020,51430652051301.0,80278179092452.0,21116314350816.0,-16517119117612.0,-442912025818.0,-1774060277264.0,-726129832902.0
GVR,2019,50596549810340.0,78517039939639.0,19803994640903.0,-15181007915080.0,-428985755430.0,-1629362325645.0,-661091404583.0
GVR,2018,49342460966745.0,77373195939536.0,19713297359174.0,-15198769205231.0,-465862330458.0,-1969935269033.0,-602605200195.0
HAG,2025,14182598758000.0,26381628496000.0,7432274242000.0,-4726829019000.0,-452887383000.0,-159239442000.0,-742062782000.0
HAG,2024,9325628120000.0,22280815839000.0,5783050002000.0,-3611137012000.0,-396487002000.0,-165284639000.0,-716094685000.0
HAG,2023,6677470105000.0,20903255290000.0,6442397199000.0,-5148941719000.0,-255058076000.0,-155100623000.0,270599417000.0
HAG,2022,5194743341000.0,19798387553000.0,5110781887000.0,-3937380869000.0,-251938809000.0,1349894514000.0,-793176972000.0
HAG,2021,4673233340000.0,18439684991000.0,2097418366000.0,-1590448139000.0,-129287166000.0,174279229000.0,-971878185000.0
HAG,2020,10027795459000.0,37265819551000.0,3176645956000.0,-2970915613000.0,-354584206000.0,-1851240106000.0,-1253570666000.0
HAG,2019,11751757223000.0,33575440524000.0,2075444024000.0,-1847659651000.0,-308856859000.0,-772469582000.0,-1263369664000.0
HAG,2018,16810886686000.0,48111441616000.0,5388200400000.0,-3013495226000.0,-192446215000.0,-989336089000.0,-1532928450000.0
HCM,2025,14543143996022.0,46499006209611.0,5136152570432.0,,0.0,-511905717682.0,0.0
HCM,2024,10443941673715.0,31339637398838.0,4276240392092.0,,0.0,-428305550767.0,0.0
HCM,2023,8312085227631.0,17910675072988.0,2903163797459.0,,0.0,-367467373811.0,0.0
HCM,2022,7891832336224.0,15446955045214.0,3901444793030.0,,0.0,-350767604201.0,0.0
HCM,2021,7325252922790.0,24369103140717.0,4460112837812.0,,0.0,-296812554290.0,0.0
HCM,2020,4440354531385.0,12488827553087.0,2247905972674.0,,0.0,-216286598477.0,0.0
HCM,2019,4304143039139.0,7488678629348.0,1560131043615.0,,0.0,-186799467128.0,0.0
HCM,2018,3060536162497.0,5256305327181.0,2349816379385.0,,0.0,-181439833060.0,0.0
HDB,2025,78285522000000.0,931103945000000.0,,,,-11600987000000.0,
HDB,2024,56657261000000.0,697366458000000.0,,,,-11980755000000.0,
HDB,2023,46400322000000.0,602314859000000.0,,,,-9129202000000.0,
HDB,2022,38994886000000.0,416273023000000.0,,,,-8630709000000.0,
HDB,2021,30790113000000.0,374611571000000.0,,,,-6382768000000.0,
HDB,2020,24704048000000.0,319127480000000.0,,,,-6172829000000.0,
HDB,2019,20381116000000.0,229477262000000.0,,,,-5080492000000.0,
HDB,2018,16828140000000.0,216057406000000.0,,,,-4441456000000.0,
HDG,2025,8398382701192.0,14685890149474.0,2786540438389.0,-1040540088419.0,-10768755358.0,-273920073365.0,-299780784516.0
HDG,2024,7375981005461.0,13849363319491.0,2717613176856.0,-1126925620303.0,-4362534484.0,-445962237770.0,-342746802894.0
HDG,2023,7228748133445.0,14438351768092.0,2889383967575.0,-1166354221153.0,-14516125805.0,-218473544853.0,-486557619793.0
HDG,2022,6548011548015.0,15104924433426.0,3581190677660.0,-1368819823994.0,-4603697832.0,-159148040047.0,-500688616629.0
HDG,2021,5390330402710.0,15891543990097.0,3777436143446.0,-1457342438241.0,-118551129818.0,-221869319144.0,-386784756824.0
HDG,2020,3977420845856.0,13878647734807.0,4998577755435.0,-2922132801729.0,-14171057559.0,-191846398930.0,-362157788933.0
HDG,2019,3280371245505.0,13866320800464.0,4342516959369.0,-2514952079551.0,-52471268487.0,-229393904104.0,-228017694844.0
HDG,2018,2690685024280.0,11086579724389.0,3221441537907.0,-1978731969741.0,-68363540764.0,-196747433373.0,-103465986204.0
HHV,2025,12172577556345.0,40752075682457.0,3801371595413.0,-2185456314236.0,0.0,-78323135085.0,-905259434662.0
HHV,2024,10929626950095.0,38906360732239.0,3308251591277.0,-1967049198935.0,0.0,-71738443064.0,-796572521099.0
HHV,2023,8732901329464.0,36780154788883.0,2685542239251.0,-1605123307081.0,0.0,-60780235502.0,-662435560342.0
HHV,2022,8375513279374.0,35653232484507.0,2094582751424.0,-1078028599115.0,0.0,-72874475153.0,-647600236079.0
HHV,2021,7676137290504.0,33963489243390.0,1861340178631.0,-936332401985.0,0.0,-94936165786.0,-550795413210.0
HHV,2020,7384454105178.0,32416882070046.0,1201343487213.0,-499445581858.0,0.0,-101735107247.0,-480298079400.0
HHV,2019,6983563684483.0,30004088125404.0,477098025466.0,-263526741071.0,0.0,-58119760452.0,-247129676579.0
HHV,2018,101450716342.0,360414979954.0,394699088808.0,-360904381080.0,0.0,-20872830578.0,-8574896989.0
HPG,2025,131220010876575.0,257899200817547.0,156116094618482.0,-131618306435300.0,-2633630711908.0,-1436537357489.0,-3114855868974.0
HPG,2024,114647457983699.0,224489707553981.0,138855112131387.0,-120357563003703.0,-2337308685264.0,-1545516022772.0,-2287360810880.0
HPG,2023,102836419239379.0,187782586563801.0,118953027893654.0,-106015187198082.0,-1961362129952.0,-1307290336873.0,-3585077683881.0
HPG,2022,96112939615783.0,170335519508132.0,141409274460632.0,-124645848221080.0,-2665806087302.0,-1019444279447.0,-3083638131818.0
HPG,2021,90780625511439.0,178236422358249.0,149679789979345.0,-108571380446353.0,-2120068223228.0,-1324261548679.0,-2525823258237.0
HPG,2020,59219786306111.0,131511434388837.0,90118503426717.0,-71214453522563.0,-1090795558423.0,-690298504185.0,-2191680923417.0
HPG,2019,47786636143695.0,101776030099900.0,63658192673791.0,-52472820451654.0,-873333584688.0,-569005805722.0,-936710218359.0
HPG,2018,40622949840810.0,78223007670925.0,55836458379759.0,-44165626148685.0,-676809221259.0,-444024985823.0,-539861243640.0
HSG,2025,11376307848337.0,21058290984205.0,34699223926066.0,-30450190177199.0,-2919852872402.0,-691337178574.0,-188094379415.0
HSG,2024,11120270891680.0,19800192675544.0,40420332987786.0,-35901042457415.0,-3458226490507.0,-534164804483.0,-156913417768.0
HSG,2023,10870578889316.0,18798431744582.0,32806456479733.0,-28956088045113.0,-2543389233233.0,-411749953929.0,-172943667648.0
HSG,2022,10170462420368.0,15963736750739.0,40694854226254.0,-37740581473208.0,-3272420445496.0,-487691974735.0,-232673943671.0
HSG,2021,11289063078039.0,22932260319759.0,56560558921799.0,-47055615332033.0,-3975941742232.0,-454836060097.0,-338635519770.0
HSG,2020,7084578752489.0,17350835612806.0,30054048713518.0,-24881901379489.0,-2348870179461.0,-446904214671.0,-493955039327.0
HSG,2019,5642904327641.0,16725095518485.0,27074337378259.0,-23529712175915.0,-1772705874649.0,-462175053352.0,-716896161662.0
HSG,2018,5182190893220.0,19834171906492.0,34100286466813.0,-30697251345290.0,-2048106787272.0,-581837769090.0,-827622809054.0
HT1,2025,5088809141788.0,7600347667748.0,7363988059804.0,-6443931529152.0,-196809738403.0,-299650391018.0,-42394816479.0
HT1,2024,4875324777724.0,8223355674148.0,6884245697137.0,-6238997893894.0,-185589405232.0,-284594667829.0,-53892973542.0
HT1,2023,4832911358204.0,8623749977278.0,7049026118206.0,-6445081350234.0,-174002877569.0,-242378339254.0,-123733708971.0
HT1,2022,5112622180527.0,9385057537636.0,8917959358754.0,-8026070102681.0,-179031550328.0,-241863816808.0,-76281316272.0
HT1,2021,5174416060138.0,8809187003331.0,7064342381922.0,-6195124697941.0,-130537061567.0,-168202065301.0,-99949157178.0
HT1,2020,5392466206858.0,10040531016689.0,7962629037850.0,-6607041535736.0,-150250619058.0,-200576130373.0,-181090596247.0
HT1,2019,5364557060619.0,10288564690005.0,8838624994415.0,-7277551225731.0,-159933838538.0,-214737139683.0,-238355497769.0
HT1,2018,5169337642684.0,10634650987571.0,8378018944943.0,-6974717263535.0,-140516313734.0,-187952951502.0,-275657706840.0
KBC,2025,26725843817123.0,69581173766629.0,6687125604053.0,-3497496465502.0,-161571261060.0,-591413497171.0,-680631369467.0
KBC,2024,20644906133551.0,44729924910530.0,2775773466955.0,-1492307333029.0,-98035320545.0,-459863902146.0,-268641265779.0
KBC,2023,20220872704416.0,33434220275901.0,5618475347527.0,-1923081056083.0,-354412075024.0,-458380732970.0,-379668497960.0
KBC,2022,17845519292086.0,34906513197012.0,950266163499.0,-684515319313.0,-45914808918.0,-464460343994.0,-522875219589.0
KBC,2021,16569221681559.0,31001842592503.0,4245981967388.0,-1778965961226.0,-189915851874.0,-428557565443.0,-480600549118.0
KBC,2020,10652995127729.0,23785878249949.0,2150962555356.0,-1461933537631.0,-52216721860.0,-270720195562.0,-195387067311.0
KBC,2019,10381131101072.0,16432989802701.0,3209906030157.0,-1363156822246.0,-141910414455.0,-171879898648.0,-195685878594.0
KBC,2018,9837357794557.0,16909732217778.0,2491178878521.0,-1022343984750.0,-142014567928.0,-164858434955.0,-200751707293.0
KDC,2025,7738038920499.0,13907212327484.0,9054523968593.0,-7379823687852.0,-1207103271760.0,-517463765771.0,-199086987836.0
KDC,2024,7265166246021.0,13479535412641.0,8323814244595.0,-6811714762181.0,-1135037734725.0,-455799735481.0,-130737823797.0
KDC,2023,7187083212975.0,12500840822267.0,8649616206146.0,-7113524657478.0,-1184021970449.0,-419480675073.0,-240963936871.0
KDC,2022,7052727626794.0,14004792678863.0,12535183485036.0,-10261577092648.0,-1446024851216.0,-409162881014.0,-232943464615.0
KDC,2021,6894642652941.0,14072705557933.0,10496864470758.0,-8445849542191.0,-1196590673681.0,-242722786530.0,-177888774790.0
KDC,2020,7699387452740.0,12349155156247.0,8323615707733.0,-6558627299300.0,-1044233676490.0,-421933248111.0,-123638679427.0
KDC,2019,8155651514089.0,11932153628005.0,7209947173169.0,-5579074788205.0,-1119319900688.0,-469104132697.0,-153593564233.0
KDC,2018,8358238662819.0,12511540292005.0,7608567773092.0,-6313279603143.0,-1051106839891.0,-412446135249.0,-155328377431.0
KDH,2025,21164279720000.0,34074020087000.0,4651105050000.0,-1897567306000.0,-373476956000.0,-220033227000.0,0.0
KDH,2024,19453433584000.0,30757719910000.0,3278584206000.0,-1539036889000.0,-222684170000.0,-209183836000.0,0.0
KDH,2023,15522904330000.0,26480719916000.0,2087770677000.0,-501132984000.0,-162401036000.0,-204561098000.0,0.0
KDH,2022,11794533384000.0,21539250652000.0,2911963203000.0,-1452443758000.0,-175245966000.0,-219168679000.0,-9345992000.0
KDH,2021,10221204890000.0,14372699213000.0,3738367541000.0,-1944624143000.0,-204822813000.0,-181777919000.0,-15928769000.0
KDH,2020,8158100167000.0,14028170612000.0,4532068519000.0,-2394964265000.0,-427256446000.0,-169410471000.0,0.0
KDH,2019,7664360362000.0,13237325073000.0,2813353428000.0,-1312924322000.0,-115390554000.0,-162284584000.0,-1519427000.0
KDH,2018,6899499284000.0,10227894681000.0,2916595423000.0,-1677391701000.0,-99262050000.0,-158135349000.0,-31709502000.0
KOS,2025,2337702387201.0,4866349020903.0,1555287684320.0,-1381538378197.0,-4541387998.0,-34395943477.0,-99515378693.0
KOS,2024,2318635387147.0,4851309115879.0,1438926718406.0,-1271654908466.0,-8800666740.0,-33515124685.0,-94510171662.0
KOS,2023,2306364944207.0,4752984722245.0,1315815469460.0,-1169987177759.0,-5851665848.0,-35675255240.0,-122845127013.0
KOS,2022,2285227096088.0,4835564262546.0,1343460401347.0,-1196808073642.0,-2570171827.0,-42443187798.0,-98669246872.0
KOS,2021,2263541094798.0,3874815267089.0,1106568127246.0,-1056061985100.0,-4026026326.0,-25142521192.0,-25838145209.0
KOS,2020,1158678185036.0,2198472335394.0,1308626066969.0,-1230359542489.0,-14905808589.0,-25058634652.0,-28346627661.0
KOS,2019,1136766653305.0,1908702841789.0,1062827684875.0,-981802085706.0,-10942274822.0,-30839232073.0,-12524784525.0
KOS,2018,1116703928696.0,1711131573949.0,900017949547.0,-814160852873.0,-3758263039.0,-15645854258.0,-6397193603.0
LPB,2025,47192474000000.0,605584514000000.0,,,,-6190125000000.0,
LPB,2024,43338300000000.0,508330398000000.0,,,,-5810443000000.0,
LPB,2023,34117400000000.0,382863179000000.0,,,,-5759872000000.0,
LPB,2022,24055154000000.0,327745847000000.0,,,,-5306893000000.0,
LPB,2021,16801877000000.0,289193879000000.0,,,,-5090421000000.0,
LPB,2020,14231726000000.0,242342951000000.0,,,,-4645147000000.0,
LPB,2019,12579800000000.0,202058040000000.0,,,,-4032180000000.0,
LPB,2018,10200892000000.0,175094532000000.0,,,,-3048068000000.0,
MBB,2025,142022525000000.0,1615763927000000.0,,,,-19681153000000.0,
MBB,2024,117059581000000.0,1128801062000000.0,,,,-17007250000000.0,
MBB,2023,96711159000000.0,944953640000000.0,,,,-14912941000000.0,
MBB,2022,79613219000000.0,728532373000000.0,,,,-14815628000000.0,
MBB,2021,62486023000000.0,607140419000000.0,,,,-12377188000000.0,
MBB,2020,50099495000000.0,494982162000000.0,,,,-10555457000000.0,
MBB,2019,39885814000000.0,411487575000000.0,,,,-9723706000000.0,
MBB,2018,34172858000000.0,362325062000000.0,,,,-8733802000000.0,
MCH,2025,18662141316311.0,33966203646418.0,30556536605941.0,-16650193979884.0,-5749106254176.0,-1020259072994.0,-494407157679.0
MCH,2024,11327826777302.0,27899960446330.0,30897225625237.0,-16492540385018.0,-5903986348153.0,-975922898666.0,-327528532894.0
MCH,2023,26375559178420.0,40552688935453.0,28240992632837.0,-15266624295107.0,-5328084292551.0,-925673676418.0,-485285780065.0
MCH,2022,22445645207154.0,33516643085520.0,26977273170028.0,-15845758614044.0,-4527142745516.0,-900917485901.0,-307330035566.0
MCH,2021,17005693937381.0,30204150159141.0,27773635217733.0,-15982695703768.0,-4780144882655.0,-1072906794191.0,-226159178618.0
MCH,2020,14282984759612.0,25533406553025.0,23342734481397.0,-13423520341046.0,-4071091999434.0,-893881875904.0,-286495734730.0
MCH,2019,12406967048025.0,20469607311898.0,18487541836508.0,-10529868313945.0,-3015180960649.0,-817391573893.0,-235821679467.0
MCH,2018,10881212471803.0,17052805203719.0,17006475612957.0,-9388082263631.0,-3284879798663.0,-793223583936.0,-180421924187.0
MSB,2025,42446058000000.0,407673941000000.0,,,,-5067703000000.0,
MSB,2024,36817557000000.0,320148089000000.0,,,,-5229935000000.0,
MSB,2023,31298212000000.0,267005838000000.0,,,,-4812331000000.0,
MSB,2022,26653998000000.0,212775858000000.0,,,,-4427964000000.0,
MSB,2021,22037785000000.0,203665423000000.0,,,,-3931913000000.0,
MSB,2020,16874819000000.0,176697625000000.0,,,,-3585922000000.0,
MSB,2019,14863521000000.0,156977946000000.0,,,,-2502184000000.0,
MSB,2018,13820154000000.0,137768688000000.0,,,,-2923739000000.0,
MSN,2025,45078644000000.0,128963171000000.0,81621329000000.0,-56040719000000.0,-14202530000000.0,-3713793000000.0,-5418158000000.0
MSN,2024,40752380000000.0,147584718000000.0,83177720000000.0,-58521982000000.0,-14565375000000.0,-3916974000000.0,-6404706000000.0
MSN,2023,38237241000000.0,147383472000000.0,78251619000000.0,-56130507000000.0,-14192355000000.0,-3750002000000.0,-6946060000000.0
MSN,2022,36636739000000.0,141342815000000.0,76189225000000.0,-55154201000000.0,-12511539000000.0,-3854314000000.0,-4847702000000.0
MSN,2021,42336652000000.0,126093471000000.0,88628767000000.0,-66493966000000.0,-11786338000000.0,-4064969000000.0,-4669426000000.0
MSN,2020,25030279000000.0,115736562000000.0,77217808000000.0,-59329111000000.0,-13166087000000.0,-3040896000000.0,-3770283000000.0
MSN,2019,51888407000000.0,97297251000000.0,37354087000000.0,-26412939000000.0,-3994895000000.0,-2103408000000.0,-1866015000000.0
MSN,2018,34079678000000.0,64578613000000.0,38187617000000.0,-26306208000000.0,-4314253000000.0,-2015388000000.0,-2667531000000.0
MWG,2025,33176117374577.0,83945619612034.0,155928145619367.0,-124926268219546.0,-19330903536858.0,-4596074513172.0,-1470675593604.0
MWG,2024,28121576823855.0,70437775721604.0,134341152848802.0,-106841942771781.0,-19849837609882.0,-3565767583102.0,-1137236129748.0
MWG,2023,23359557967338.0,60111237212724.0,118279788455442.0,-95759175291712.0,-20916710755306.0,-1167651662536.0,-1447718354797.0
MWG,2022,23932581517576.0,55834095614049.0,133404777590524.0,-102542735094343.0,-22336838067678.0,-1881027579714.0,-1362143909103.0
MWG,2021,20378245999846.0,62971404814942.0,122958106103174.0,-95325974107640.0,-17914173302345.0,-3823390074765.0,-674427746189.0
MWG,2020,15481689846432.0,46030879952454.0,108546019665412.0,-84591522392949.0,-15333798830787.0,-3404431838167.0,-594003821021.0
MWG,2019,12143592194353.0,41708095544883.0,102174243976723.0,-82686444673012.0,-12437282718212.0,-2073782880058.0,-568136717134.0
MWG,2018,8983035331342.0,28122531486856.0,86516287002499.0,-71224159239435.0,-9659741188756.0,-1761613900080.0,-436416577674.0
NAB,2025,23430767000000.0,418333322000000.0,,,,-3817758000000.0,
NAB,2024,19288533000000.0,245128983000000.0,,,,-3985763000000.0,
NAB,2023,15241792000000.0,209896239000000.0,,,,-3492455000000.0,
NAB,2022,12649780000000.0,177578734000000.0,,,,-2841928000000.0,
NAB,2021,8024842000000.0,153237506000000.0,,,,-2239731000000.0,
NAB,2020,6598770000000.0,134315195000000.0,,,,-1630769000000.0,
NAB,2019,4960385000000.0,94687435000000.0,,,,-1553650000000.0,
NAB,2018,4230082000000.0,75059004000000.0,,,,-1154419000000.0,
NKG,2025,7635393344959.0,16493912202087.0,14808145017155.0,-14022971429536.0,-431083262721.0,-123740697140.0,-219641639289.0
NKG,2024,5871406574473.0,13519085552805.0,20609022190077.0,-18777248235147.0,-1017598597652.0,-120241517086.0,-207841259563.0
NKG,2023,5423073956647.0,12235401246591.0,18595974253087.0,-17483711237040.0,-609117894559.0,-130296253597.0,-292679834464.0
NKG,2022,5319650135071.0,13460759829882.0,23071247285247.0,-21589886519482.0,-1202326906760.0,-185780434225.0,-262466234780.0
NKG,2021,5723203694545.0,15397915366296.0,28173402236226.0,-23903545311978.0,-1397951232015.0,-122720788853.0,-243685237356.0
NKG,2020,3181020162631.0,7763093325248.0,11559674520160.0,-10690464691531.0,-267948756419.0,-91908570848.0,-222154457661.0
NKG,2019,3016814179519.0,8064358103268.0,12176796914657.0,-11835048249482.0,-210243639854.0,-68680802083.0,-237062837775.0
NKG,2018,2971176971365.0,8122017667551.0,14811784363470.0,-14018938867523.0,-324679200485.0,-78219408611.0,-338624286639.0
NLG,2025,14824244311089.0,26564516185390.0,5645086579147.0,-3287806525861.0,-699653852065.0,-592751051880.0,-264554488969.0
NLG,2024,14568926285295.0,30318114011075.0,7196050482193.0,-4138682327725.0,-742444656616.0,-651169651824.0,-229542438143.0
NLG,2023,13532755324575.0,28611223391988.0,3181421790727.0,-1619384397999.0,-418209811139.0,-562074252374.0,-277720648082.0
NLG,2022,13315130184421.0,27084709103488.0,4338841417665.0,-2354883285339.0,-510912974361.0,-643621150136.0,-147629336674.0
NLG,2021,13527665499829.0,23617637857791.0,5205519498702.0,-3427291699557.0,-416066783990.0,-580803603474.0,-102463932494.0
NLG,2020,6720337739542.0,13642706052855.0,2216719170121.0,-1545950061294.0,-67658769303.0,-366813609445.0,-53384618909.0
NLG,2019,6199932855019.0,10904393811381.0,2546100778645.0,-1479645666849.0,-119286865591.0,-305567667299.0,-19740490753.0
NLG,2018,5284504211423.0,9574399674864.0,3479607604703.0,-1976149458962.0,-251780398726.0,-238797348671.0,-36407185577.0
NT2,2025,4859400869775.0,9273311226003.0,7958219701044.0,-6710408394098.0,0.0,-84909939058.0,-64690698207.0
NT2,2024,4189080110421.0,8697847050278.0,5943678536835.0,-5892165694504.0,0.0,-81167554815.0,-34929818001.0
NT2,2023,4335849370331.0,8451154114321.0,6385884555364.0,-5875592170662.0,0.0,-69002598374.0,-33843493151.0
NT2,2022,4613841700805.0,7444781926018.0,8787691488678.0,-7706165650920.0,0.0,-131432911182.0,-15366963526.0
NT2,2021,4233573732490.0,6624064539061.0,6149583588676.0,-5473777912569.0,0.0,-82922197505.0,-20346250458.0
NT2,2020,4297536717450.0,6381321297882.0,6082248450836.0,-5187476411014.0,0.0,-85017088157.0,-38281983336.0
NT2,2019,4126938642188.0,7564111828914.0,7653692325777.0,-6679293388147.0,0.0,-86799874992.0,-87817040732.0
NT2,2018,3683475957725.0,8852246596491.0,7669729160697.0,-6654451869419.0,0.0,-101406946078.0,-104764750280.0
NVL,2025,58892990375863.0,249907848818804.0,6965748286065.0,-2540527281835.0,-611302598310.0,-1289620968466.0,-148464773101.0
NVL,2024,47291024358614.0,237777980657656.0,9073375473961.0,-8989801418151.0,-533971724119.0,-1449937734036.0,-291396806443.0
NVL,2023,45302850042403.0,241486379543125.0,4756902213820.0,-3434694564513.0,-291975056813.0,-1490226089162.0,-327706664781.0
NVL,2022,44817730380165.0,257734876168021.0,11134230477725.0,-6882741523343.0,-960131278956.0,-1536210395675.0,-844309872037.0
NVL,2021,41173113331969.0,201833546986050.0,14902759885713.0,-8767152197042.0,-1291095498588.0,-1325621428707.0,-514315367150.0
NVL,2020,31932147185707.0,144536345634022.0,5026358409438.0,-3193479439283.0,-164007104072.0,-1290197237197.0,-566129859176.0
NVL,2019,24461073831847.0,89979242598519.0,10930983111920.0,-7779325178076.0,-294869082499.0,-1197219171605.0,-1145609766192.0
NVL,2018,19969799690207.0,69122126945181.0,15290276732393.0,-10132300385714.0,-424217309126.0,-727814339948.0,-1383337897930.0
OCB,2025,33924677884591.0,322949479567113.0,,,,-4202555569391.0,
OCB,2024,31671045433324.0,276486854526261.0,,,,-3803760652156.0,
OCB,2023,28535703470870.0,240114274727459.0,,,,-3171425038560.0,
OCB,2022,25272239382832.0,193994237850692.0,,,,-3076802357805.0,
OCB,2021,21805009400355.0,184491035016344.0,,,,-2402923565171.0,
OCB,2020,17435383126063.0,152528878791414.0,,,,-2330118602224.0,
OCB,2019,11507150358768.0,118159970847748.0,,,,-2449236101393.0,
OCB,2018,8797238027838.0,99964107627218.0,,,,-1869767287781.0,
PAN,2025,9077319930386.0,15594873545966.0,17586220703076.0,-14046304041862.0,-1571271271141.0,-689289929713.0,-404124739895.0
PAN,2024,8859450516042.0,23840652907125.0,16181632412859.0,-12799997630821.0,-1501575485024.0,-718077265453.0,-353993461589.0
PAN,2023,8343448194471.0,20188140662749.0,13204596686662.0,-10544753392618.0,-1061117016355.0,-659230459196.0,-456474136918.0
PAN,2022,7878383782075.0,16081598046958.0,13655102989686.0,-10918623215282.0,-1216075906042.0,-650246965321.0,-242407268237.0
PAN,2021,7579653913472.0,15023900844042.0,9248572465653.0,-7498229205827.0,-739628684980.0,-560874577928.0,-219053083491.0
PAN,2020,6173153718321.0,11336295461149.0,8329251249705.0,-6792151981690.0,-653806231149.0,-547081908104.0,-268052298124.0
PAN,2019,6145572117667.0,10764553682999.0,7812755279230.0,-6155146369342.0,-647299063057.0,-534213213090.0,-171193070710.0
PAN,2018,5972264159922.0,9438745244426.0,7828588301004.0,-6441452267682.0,-546227692984.0,-455947071038.0,-105575392006.0
PC1,2025,8877472938557.0,24562870833213.0,13084794921097.0,-10366022846651.0,-103834604422.0,-557381692290.0,-682154126468.0
PC1,2024,7716019292896.0,20987644741128.0,10088901620619.0,-7996507019628.0,-78532757514.0,-487725540156.0,-701206757837.0
PC1,2023,7147611210354.0,20175144882940.0,7693781062664.0,-6245614973514.0,-55980734072.0,-335208954077.0,-848375555662.0
PC1,2022,7172746083371.0,21754413518378.0,8357602470324.0,-6763095524845.0,8391008009.0,-285281303728.0,-605030533904.0
PC1,2021,6280836042239.0,18687035417527.0,9828463180375.0,-8672928765697.0,-55977596827.0,-240797400424.0,-315449056943.0
PC1,2020,4769526002313.0,10721668093118.0,6678600581343.0,-5516946091407.0,-70552235921.0,-267722567030.0,-242367390588.0
PC1,2019,3694780662417.0,8315278013961.0,5845022832914.0,-5026317725244.0,-22433676269.0,-201890172239.0,-171290382458.0
PC1,2018,3279228658114.0,6596906062870.0,5084421836905.0,-4218667947739.0,-46926242004.0,-161494624544.0,-147742764402.0
PDR,2025,12423938520507.0,27270246564755.0,1324974747132.0,-604787930671.0,-24549731324.0,-236516541223.0,-346780293539.0
PDR,2024,11058508658990.0,23985551811184.0,821690538691.0,-422792684553.0,-36866109015.0,-195211788640.0,-284861000405.0
PDR,2023,9579391910713.0,21067822665509.0,617515216109.0,-73816280440.0,-14473776877.0,-199438960009.0,-344195510199.0
PDR,2022,9260529767454.0,22843295507162.0,1504574748971.0,-227303005242.0,-26251976329.0,-274502329387.0,-505710829277.0
PDR,2021,8144511207117.0,20551878969983.0,3620224205834.0,-856767612137.0,-18007966070.0,-220925703989.0,-156996811651.0
PDR,2020,5194277496677.0,15617489554689.0,3911211875460.0,-2089297271479.0,-117902117428.0,-130208516284.0,-23044589042.0
PDR,2019,4368928866874.0,13961379480191.0,3400186013955.0,-2082172994694.0,-124034028139.0,-93003741165.0,0.0
PDR,2018,3511626184523.0,11057426210494.0,2147709342141.0,-1466558349018.0,-41308040594.0,-80054505689.0,0.0
PHR,2025,4222166238002.0,6148040165838.0,1794932447399.0,-1290795314041.0,-30480645547.0,-203226514990.0,-2571486108.0
PHR,2024,3919090627983.0,5931927851865.0,1633090518901.0,-1210628838401.0,-37580028492.0,-132307583091.0,-14068806782.0
PHR,2023,3814237751342.0,6160532490687.0,1351024069392.0,-1023979785037.0,-33520814510.0,-100144838404.0,-17321084432.0
PHR,2022,3439218733717.0,6333298694846.0,1708579398984.0,-1306945092274.0,-40831633593.0,-115866472028.0,-16630662310.0
PHR,2021,3109170655823.0,6027084467664.0,1945434625353.0,-1428872574567.0,-31684629279.0,-115245810730.0,-19666870680.0
PHR,2020,3311290986851.0,6538924775734.0,1631648245568.0,-1242917569391.0,-29216581532.0,-84061079043.0,-50386352077.0
PHR,2019,2601160407515.0,5854513682699.0,1638842882582.0,-1285682915423.0,-27652579626.0,-90295027579.0,-30277301665.0
PHR,2018,2686833366192.0,5087330095626.0,1557797312902.0,-1283424790816.0,-24525051979.0,-78505080996.0,-27769064729.0
PLX,2025,29561742828621.0,85855397411812.0,309874515169939.0,-291761774258651.0,-14467138972487.0,-1192962717820.0,-798238675117.0
PLX,2024,29307974443473.0,81274634873472.0,284017424539160.0,-266666114613699.0,-13517691226147.0,-1040695331786.0,-568190119356.0
PLX,2023,29202107178831.0,79675619099330.0,273979175973479.0,-258715274315672.0,-12139673166162.0,-949360826359.0,-898602546828.0
PLX,2022,27782610644219.0,74475615486233.0,304063811426444.0,-291744174805179.0,-10499546305289.0,-823260439762.0,-644056268958.0
PLX,2021,28260191572059.0,64791240989120.0,169008605067215.0,-156385701253224.0,-9073259955415.0,-765824923747.0,-602527447452.0
PLX,2020,24126402466781.0,61106212964443.0,123918650378651.0,-113878713434396.0,-8591021707535.0,-819680790229.0,-706153423148.0
PLX,2019,25923320952118.0,61762413837959.0,189603525406879.0,-175434116763035.0,-8702295255390.0,-639668300698.0,-791223776592.0
PLX,2018,23092271891081.0,56283120293669.0,191932473949160.0,-178026370937695.0,-8543576177634.0,-573152566951.0,-865487977236.0
PNJ,2025,13274913459412.0,20163630247041.0,34976042929392.0,-27292194621378.0,-3322701974507.0,-824395851865.0,-119082599327.0
PNJ,2024,11255306630522.0,17207730777685.0,37822837171385.0,-31149334531193.0,-3207574691174.0,-795749355922.0,-46775305829.0
PNJ,2023,9806180663976.0,14427558015356.0,33136929196429.0,-27078338249235.0,-2835769469802.0,-693934934718.0,-118568804103.0
PNJ,2022,8444094654850.0,13337124649246.0,33876454559153.0,-27949348024381.0,-2828208644376.0,-673996996684.0,-94143431408.0
PNJ,2021,6012633980253.0,10619016547122.0,19547058364834.0,-15948760134458.0,-1687654952494.0,-501819303928.0,-104380274160.0
PNJ,2020,5241861865008.0,8483146098451.0,17510788650999.0,-14076055770112.0,-1420855653447.0,-505572794605.0,-154416694276.0
PNJ,2019,4577265811347.0,8602964421816.0,17000681080523.0,-13539967588262.0,-1361807553507.0,-475831697930.0,-115367610418.0
PNJ,2018,3745073427904.0,6437895556604.0,14571135744850.0,-11792052183391.0,-1170069069426.0,-345868153940.0,-61109039390.0
POW,2025,37215908335498.0,88611929063776.0,34306140471915.0,-29827586858177.0,-1500430092.0,-1245746078874.0,-655412115805.0
POW,2024,34680634910666.0,79915032729562.0,30305634268649.0,-28307964591490.0,0.0,-877790745775.0,-381646636179.0
POW,2023,34119429170920.0,70362090314609.0,28329357578690.0,-25625106577337.0,0.0,-1268124055600.0,-564748639578.0
POW,2022,33281450502337.0,56843244854790.0,28224118055975.0,-24498013951665.0,0.0,-867603382318.0,-437526336797.0
POW,2021,31125377710593.0,52976917956925.0,24560949330329.0,-22020951407015.0,-9426420660.0,-130934373388.0,-509644391365.0
POW,2020,31266593379474.0,54050146599573.0,29731733707513.0,-25151638635576.0,-35159174296.0,-1174311774374.0,-809234511179.0
POW,2019,29509314311205.0,55695702533961.0,35374268090529.0,-30236634203496.0,-27018625533.0,-1176430753504.0,-1154051870401.0
POW,2018,26815384955765.0,58111429597685.0,32662188613406.0,-28185659052526.0,-20315605748.0,-772773874881.0,-712090062742.0
PVD,2025,17098286949122.0,28309862682750.0,10896989276040.0,-8819108718862.0,-44570684726.0,-810428206740.0,-190796075404.0
PVD,2024,16052342324403.0,23614557761223.0,9288059307546.0,-7533882511644.0,-34726143132.0,-600492942054.0,-237839369526.0
PVD,2023,14898157540000.0,21632848207600.0,5804412484923.0,-4498918879611.0,-24149229741.0,-522515095908.0,-250499968602.0
PVD,2022,14078509303130.0,20704046691470.0,5431604613820.0,-4854177283428.0,-17630778616.0,-492791232296.0,-168031934532.0
PVD,2021,13831580467120.0,20761202484160.0,3995471964670.0,-3624231518305.0,-12925934430.0,-385609141765.0,-109283560320.0
PVD,2020,14042017346715.0,20856190205660.0,5228638834323.0,-4899843841029.0,-16370720328.0,-311282604552.0,-118896544398.0
PVD,2019,13968461865120.0,20891727392240.0,4368072890952.0,-3917903286696.0,-16932455128.0,-396634527520.0,-158277757232.0
PVD,2018,13850175772665.0,21003812954010.0,5500144331664.0,-5103139582320.0,-12527949936.0,-284929049760.0,-170182139616.0
PVT,2025,11490189283998.0,22308656455937.0,16012813858007.0,-13665419226682.0,-13859536248.0,-529620568469.0,-435263188386.0
PVT,2024,10389474545148.0,19858153052749.0,11732148061983.0,-9288346580908.0,-16586106482.0,-488801469185.0,-417711767303.0
PVT,2023,9030394792063.0,17489953434753.0,9555979392223.0,-7717483802689.0,-13386162080.0,-410025680845.0,-355216330968.0
PVT,2022,8014058773970.0,14251652954694.0,9047363208116.0,-7392334482981.0,-12873930300.0,-407652508769.0,-214451792020.0
PVT,2021,6963197715178.0,12493219801571.0,7460234126265.0,-6222277497227.0,-10492585874.0,-277486387570.0,-142674860677.0
PVT,2020,6278890061506.0,11089584286462.0,7382693923902.0,-6264470736315.0,-13866288559.0,-250661978044.0,-142978691865.0
PVT,2019,5690965790904.0,10997298677304.0,7758369179957.0,-6567417658975.0,-13713931338.0,-249350429313.0,-169379637300.0
PVT,2018,5139557907690.0,10202231613012.0,7523095942173.0,-6439693231624.0,-10084458444.0,-271174115166.0,-121588919933.0
REE,2025,24796538128654.0,40074533653744.0,10011611124740.0,-6236406433555.0,-119704387237.0,-655042423158.0,-687711539661.0
REE,2024,22454784094116.0,36362339883577.0,8383666601214.0,-5259571562464.0,-118200239690.0,-577607076180.0,-737977126660.0
REE,2023,20770101237988.0,34912272846093.0,8569918341777.0,-4859979570703.0,-92540436139.0,-663075670866.0,-938879965835.0
REE,2022,19203692612738.0,33914556733508.0,9371927777326.0,-5042144068004.0,-88908329412.0,-577624360997.0,-882746948990.0
REE,2021,16357877053624.0,31827003374458.0,5809810928821.0,-3499780319487.0,-85073572183.0,-370461124107.0,-663213132564.0
REE,2020,12212648919629.0,20530453734936.0,5639752725967.0,-4033887057177.0,-82735361072.0,-283713770081.0,-416425845956.0
REE,2019,11101668539466.0,19622764795716.0,4889831825376.0,-3643618854408.0,-78371474365.0,-221581896835.0,-409016686932.0
REE,2018,9928368333646.0,15499663107624.0,5100654996975.0,-3872581352224.0,-98584137794.0,-214709679120.0,-224927404624.0
SAB,2025,22999815076554.0,32597353623714.0,25888192228121.0,-16587631403329.0,-4022369468136.0,-983559292855.0,-34346202652.0
SAB,2024,24437093182672.0,33439406364651.0,31872417486656.0,-22554220918390.0,-4041556507837.0,-839413837596.0,-27449548631.0
SAB,2023,25485157894867.0,34056624839705.0,30461367282215.0,-21370004777980.0,-4479227839581.0,-800691619935.0,-50214725919.0
SAB,2022,24590845919393.0,34465075615756.0,34979083993835.0,-24208377066751.0,-4532068273139.0,-740665660468.0,-45517297000.0
SAB,2021,22594785703161.0,30487024372425.0,26373746293858.0,-18765181482365.0,-3500368629369.0,-597716255412.0,-48739800374.0
SAB,2020,21215276390928.0,27374972775358.0,27961323837011.0,-19460229052562.0,-2859036781083.0,-702005344515.0,-63681326473.0
SAB,2019,20076247056364.0,26962476094045.0,37899059501295.0,-28348430809281.0,-3003290717435.0,-1047841925145.0,-37367206872.0
SAB,2018,16111905568169.0,22366742792213.0,35948552561947.0,-27864413389551.0,-2731090859491.0,-912705312866.0,-35244808353.0
SBT,2025,12210486500367.0,35898659501110.0,26228397220258.0,-23894752578627.0,-721057757244.0,-675131038852.0,-1433790797750.0
SBT,2024,10555376315087.0,33959461158828.0,29995184822710.0,-26585272930551.0,-738779858902.0,-862629238409.0,-1620188469824.0
SBT,2023,11133434432475.0,34134964877703.0,25892256822765.0,-22940226503029.0,-659009315166.0,-673864043298.0,-1824677530994.0
SBT,2022,10177177598527.0,29041226104273.0,21253536103223.0,-18914107203870.0,-643520155614.0,-604859097209.0,-994802423145.0
SBT,2021,9441571803054.0,23499947456476.0,16658614894002.0,-14279475795273.0,-582092973545.0,-703712834129.0,-764462083804.0
SBT,2020,8054003332218.0,19197627435774.0,14309200780449.0,-12219779962450.0,-533898081605.0,-342079670028.0,-677804265126.0
SBT,2019,7601668844867.0,17233289112999.0,11345578821702.0,-10396951085162.0,-414038252562.0,-477173141820.0,-672468188696.0
SBT,2018,5576180518133.0,16902710741646.0,10474397177654.0,-9466952488437.0,-347306836254.0,-404638667664.0,-679134194907.0
SHB,2025,68130938000000.0,892008709000000.0,,,,-6421520000000.0,
SHB,2024,58067344000000.0,747478069000000.0,,,,-5760231000000.0,
SHB,2023,50098280000000.0,630500685000000.0,,,,-5051539000000.0,
SHB,2022,42904471000000.0,542428085000000.0,,,,-4391593000000.0,
SHB,2021,35531665000000.0,506604328000000.0,,,,-4405941000000.0,
SHB,2020,24036220000000.0,412679593000000.0,,,,-4299189000000.0,
SHB,2019,18507443000000.0,365254318000000.0,,,,-3951732000000.0,
SHB,2018,16332532000000.0,323276008000000.0,,,,-3222791000000.0,
SIP,2025,5813983485201.0,28670187894442.0,8596226022275.0,-7252790659082.0,-75659413086.0,-96536697603.0,-161671773013.0
SIP,2024,4867821282044.0,25052880615092.0,7801156924367.0,-6706012610480.0,-21646531620.0,-88520635592.0,-76838870966.0
SIP,2023,4028050630444.0,21060427289745.0,6676517358980.0,-5746069767603.0,-13131632220.0,-95597964963.0,-64090697720.0
SIP,2022,3660833038997.0,19003421930801.0,6034522979800.0,-5133385265623.0,-15155151656.0,-91971753325.0,-26551999751.0
SIP,2021,3297878364334.0,17817257498067.0,5577558610139.0,-4804700700072.0,-11893200556.0,-87046067069.0,-9711860761.0
SIP,2020,2777911810089.0,16700343267226.0,5082582898643.0,-4393517748829.0,-18353540543.0,-9175218706.0,-18158422823.0
SIP,2019,1897366550255.0,13465969219897.0,4339740740543.0,-3733991330246.0,-14077202285.0,-89524726529.0,-4157677229.0
SIP,2018,1363929026519.0,10738929415482.0,3239457416840.0,-2859657574300.0,-17229536118.0,-101100726043.0,-5578621522.0
SJS,2025,3445350713033.0,7880010002298.0,750725677535.0,-220045373860.0,-9200232148.0,-69069163184.0,0.0
SJS,2024,2993877716074.0,7844262549130.0,646014829304.0,-209298963958.0,-2248077257.0,-67791478018.0,-598356165.0
SJS,2023,2761586575771.0,7473978855442.0,416023571847.0,-228830861296.0,-2386682829.0,-46488328087.0,-472898630.0
SJS,2022,2575442543386.0,6779527700632.0,379810850969.0,-324093578663.0,-5512209437.0,-41093292913.0,0.0
SJS,2021,2198790761964.0,6946047343663.0,747035784394.0,-515156011110.0,-27612631460.0,-54254056488.0,-17275232354.0
SJS,2020,2153375751866.0,7047540268059.0,1135901914250.0,-708418157032.0,-21972473140.0,-48512790355.0,-10302748101.0
SJS,2019,2235291317116.0,6652903120215.0,695959384979.0,-507788533032.0,-7330272767.0,-38542371804.0,0.0
SJS,2018,2251956437323.0,6451991724196.0,467072592857.0,-356548974801.0,-3910465656.0,-46235417640.0,-632988475.0
SSB,2025,40372594000000.0,396443131000000.0,,,,-4659453000000.0,
SSB,2024,35002855000000.0,325698848000000.0,,,,-4130218000000.0,
SSB,2023,30296839000000.0,266121915000000.0,,,,-3607148000000.0,
SSB,2022,26232220000000.0,231423056000000.0,,,,-3403523000000.0,
SSB,2021,18663264000000.0,211663515000000.0,,,,-2529414000000.0,
SSB,2020,13670378000000.0,180207288000000.0,,,,-2177375000000.0,
SSB,2019,10925842000000.0,157398288000000.0,,,,-1988350000000.0,
SSB,2018,8301505000000.0,140487190000000.0,,,,-1632860000000.0,
SSI,2025,32066318460762.0,94049979396183.0,12930736690184.0,,0.0,-260584243528.0,0.0
SSI,2024,26826650611768.0,73507302559722.0,8529279575474.0,,0.0,-301749636986.0,0.0
SSI,2023,23240892110813.0,69241327102648.0,7157692593506.0,,0.0,-361707269173.0,0.0
SSI,2022,22383881964660.0,52226382886481.0,6335823057960.0,,0.0,-296389420325.0,0.0
SSI,2021,14220082730148.0,50793056562082.0,7443181911513.0,,0.0,-265009663885.0,0.0
SSI,2020,9872797052319.0,35769528008240.0,4366801067963.0,,0.0,-184156140350.0,0.0
SSI,2019,9401059780205.0,27044115024913.0,3234978119197.0,,0.0,-193238253772.0,0.0
SSI,2018,9155664527633.0,23825626725361.0,3672838058744.0,,0.0,-173683645242.0,0.0
STB,2025,59866744000000.0,917119803000000.0,,,,-13044879000000.0,
STB,2024,54972070000000.0,748094546000000.0,,,,-13982389000000.0,
STB,2023,45733864000000.0,674389660000000.0,,,,-12889906000000.0,
STB,2022,38626996000000.0,591907695000000.0,,,,-10920717000000.0,
STB,2021,34261336000000.0,521117123000000.0,,,,-9749916000000.0,
STB,2020,28956242000000.0,492516029000000.0,,,,-10894615000000.0,
STB,2019,26741640000000.0,453581057000000.0,,,,-9265703000000.0,
STB,2018,24632367000000.0,406040598000000.0,,,,-7837830000000.0,
TAL,2025,6514050392894.0,15313047131318.0,3730125315514.0,-2337250119532.0,-159413389449.0,-252288248629.0,-159000219669.0
TAL,2024,4224215417175.0,9324138412256.0,1684453453400.0,-1264525563623.0,-56729376084.0,-195830099070.0,-171884526348.0
TAL,2023,3988146504615.0,9937803236353.0,3237612289032.0,-2347451343889.0,-85107814704.0,-178200959677.0,-75879130121.0
TAL,2022,3783182792397.0,7841780452693.0,2829021097739.0,-2055126735811.0,-208990859265.0,-140428122039.0,-14974806250.0
TCB,2025,179501442000000.0,1192344137000000.0,,,,-16432434000000.0,
TCB,2024,147939621000000.0,978798549000000.0,,,,-15369735000000.0,
TCB,2023,131616065000000.0,849482012000000.0,,,,-13251796000000.0,
TCB,2022,113424966000000.0,699032544000000.0,,,,-13023129000000.0,
TCB,2021,93041472000000.0,568728950000000.0,,,,-11173395000000.0,
TCB,2020,74614786000000.0,439602933000000.0,,,,-8631195000000.0,
TCB,2019,62072767000000.0,383699461000000.0,,,,-7312509000000.0,
TCB,2018,51782705000000.0,320988941000000.0,,,,-5842507000000.0,
TCH,2025,14270530816595.0,21120690828321.0,1912201092403.0,-1330718577893.0,-149612323486.0,-95239805574.0,272072804.0
TCH,2024,13276980646266.0,15348641511701.0,5427392897620.0,-3264945797160.0,-323262006095.0,-149692758562.0,99540620.0
TCH,2023,11946269467665.0,16775763605214.0,2735927905723.0,-1729783484740.0,-168996829731.0,-70823760166.0,-50048650570.0
TCH,2022,11446489091732.0,14311204049363.0,2694390554679.0,-2182308488419.0,-58156888523.0,-79711352238.0,-74024572954.0
TCH,2021,12184529994870.0,14354533077476.0,2223530154528.0,-1518525836491.0,-61809642383.0,-74860191972.0,-27087560599.0
TCH,2020,8303219261293.0,10990080135557.0,4565836260256.0,-3447001068720.0,-81743986203.0,-48802223973.0,-111345495250.0
TCH,2019,4469838052804.0,8197815953716.0,1725004388245.0,-1085299557941.0,-49130843075.0,-33667723990.0,-7976872829.0
TCH,2018,4324941810818.0,5214589123597.0,828410471979.0,-584604032784.0,-13141148894.0,-29619111094.0,-1776717381.0
TCX,2025,44099580183375.0,80632256999009.0,11217426514650.0,,0.0,-658975463710.0,0.0
TCX,2024,26296972276678.0,53244133820194.0,7615253240537.0,,0.0,-566893494770.0,0.0
TCX,2023,23629506587288.0,43788429454609.0,5257070533399.0,,0.0,-500212004426.0,0.0
TCX,2022,10989258207900.0,26091547738863.0,5218182207076.0,,0.0,-480433213874.0,0.0
TCX,2021,9245244488516.0,24547255120829.0,5194713938205.0,,0.0,-372754151464.0,0.0
TCX,2020,6179231023046.0,8759152757107.0,3259508358611.0,,0.0,-337794012926.0,0.0
TCX,2019,4630529950333.0,6304006248724.0,2171942000895.0,,0.0,-232154784544.0,0.0
TCX,2018,3107707885026.0,4351051409898.0,1870171044276.0,,0.0,-170672005692.0,0.0
TPB,2025,46048761000000.0,505901570000000.0,,,,-6573410000000.0,
TPB,2024,37594469000000.0,418028391000000.0,,,,-6278857000000.0,
TPB,2023,32742917000000.0,356633972000000.0,,,,-6701533000000.0,
TPB,2022,32239052000000.0,328634007000000.0,,,,-5945257000000.0,
TPB,2021,25987070000000.0,292827078000000.0,,,,-4570696000000.0,
TPB,2020,16744398000000.0,206314594000000.0,,,,-4197293000000.0,
TPB,2019,13074679000000.0,164438534000000.0,,,,-3303325000000.0,
TPB,2018,10621685000000.0,136179403000000.0,,,,-2846688000000.0,
VCB,2025,224558726000000.0,2442279166000000.0,,,,-25242799000000.0,
VCB,2024,196209168000000.0,2085873522000000.0,,,,-23027363000000.0,
VCB,2023,165080490000000.0,1839724560000000.0,,,,-21905912000000.0,
VCB,2022,135646085000000.0,1813815170000000.0,,,,-21250512000000.0,
VCB,2021,109186429000000.0,1414986259000000.0,,,,-17665925000000.0,
VCB,2020,94094979000000.0,1326230092000000.0,,,,-16038250000000.0,
VCB,2019,80954337000000.0,1222813692000000.0,,,,-15874542000000.0,
VCB,2018,62179379000000.0,1074026560000000.0,,,,-13611094000000.0,
VCG,2025,12482116746692.0,31268714831689.0,16071172929626.0,-13800559153657.0,-157683919018.0,-517538295585.0,-376331013403.0
VCG,2024,11116111954341.0,29440638022507.0,12870215463529.0,-10889099922091.0,-58053185376.0,-379922451220.0,-434329226455.0
VCG,2023,10241049161974.0,30694370036093.0,12703777892541.0,-11522823127243.0,-92716194631.0,79013322322.0,-832937611206.0
VCG,2022,9930660242917.0,31999304114074.0,8452854897912.0,-7535863917376.0,-57474385473.0,-222757846013.0,-757108896483.0
VCG,2021,7627624824418.0,30969415584425.0,5749000376427.0,-4919563313439.0,-36265514876.0,-137960377184.0,-505568705520.0
VCG,2020,7163204717460.0,19609980551083.0,5551436196150.0,-4715112309132.0,-61519262549.0,-1506269704238.0,-255357380678.0
VCG,2019,7738320540046.0,19318370537563.0,9502313345387.0,-8191445918394.0,-80374094861.0,-444971504034.0,-267452710133.0
VCG,2018,7873217862025.0,20085186895487.0,9730996874433.0,-8520970724397.0,-75571151557.0,-445120856701.0,-273501507239.0
VCI,2025,18009896539949.0,36005864835815.0,4980201525108.0,,0.0,-144888168648.0,0.0
VCI,2024,12944305447861.0,26592124479240.0,3695525335470.0,,0.0,-144700754963.0,0.0
VCI,2023,7371229508341.0,17255134656525.0,2472460543397.0,,0.0,-122388199025.0,0.0
VCI,2022,6495468171614.0,14242751316822.0,3156242736345.0,,0.0,-76767476142.0,0.0
VCI,2021,6541863245387.0,16636264947117.0,3707068724492.0,,0.0,-187858228291.0,0.0
VCI,2020,4521486519714.0,8382405125440.0,1729591590563.0,,0.0,-72405019485.0,0.0
VCI,2019,4051605850657.0,7242960228473.0,1540944352650.0,,0.0,-67200541333.0,0.0
VCI,2018,3642977730785.0,6509995923207.0,1821479495575.0,,0.0,-93751008270.0,0.0
VCK,2025,28835109255467.0,48402380273658.0,8260714445897.0,,0.0,-539511743624.0,0.0
VCK,2024,11362920281297.0,30367897671475.0,6466321678945.0,,0.0,-438099998341.0,0.0
VCK,2023,8992939064021.0,22462317213015.0,6373838274239.0,,0.0,-339559302551.0,0.0
VCK,2022,8475011049496.0,20225399473260.0,8440762913975.0,,0.0,-322516731893.0,0.0
VCK,2021,7820489081443.0,26856861040153.0,9518118459079.0,,0.0,-277728383026.0,0.0
VCK,2020,4975115259394.0,16052326153716.0,3828459945194.0,,0.0,-164774504669.0,0.0
VCK,2019,4624318775751.0,12004357808550.0,3092983686830.0,,0.0,-116322679960.0,0.0
VCK,2018,4270928091622.0,9660538526037.0,1496490369809.0,,0.0,-87828919927.0,0.0
VGC,2025,11570892895453.0,26436634618157.0,13314757815595.0,-9315374160827.0,-920107466398.0,-785280600418.0,-255872624592.0
VGC,2024,9952999655403.0,24827418928138.0,11906355941527.0,-8389049269758.0,-861838342910.0,-744493344308.0,-268896807699.0
VGC,2023,9524317916696.0,24100190091286.0,13193818428046.0,-9674692360146.0,-812377184581.0,-756017100394.0,-348457380117.0
VGC,2022,9085429076168.0,22958921409296.0,14592449861977.0,-10354300437633.0,-936334436050.0,-911832018223.0,-251376723757.0
VGC,2021,8356843503280.0,21997051222819.0,11194313369122.0,-8321786264280.0,-671344970849.0,-749025621314.0,-160711679097.0
VGC,2020,7024115125869.0,21323239970549.0,9433048985280.0,-7105367181452.0,-758237615422.0,-603781853572.0,-160976347894.0
VGC,2019,7055076316144.0,19887754159501.0,10145641675447.0,-7725612871548.0,-752474477932.0,-567908554764.0,-169334473752.0
VGC,2018,6871919194539.0,16533191747045.0,8812095573753.0,-6767914235302.0,-632854022158.0,-501683032037.0,-172629764861.0
VHC,2025,10044873548566.0,13408288560345.0,12020897758218.0,-9980708521338.0,-252381257893.0,-312551875824.0,-54042653204.0
VHC,2024,8993605984965.0,12234180221537.0,12512793481045.0,-10617752697948.0,-296508835027.0,-357769168574.0,-73329339325.0
VHC,2023,8591055776139.0,11942549471150.0,10033016452094.0,-8540191778235.0,-216294674914.0,-307655327848.0,-133346693090.0
VHC,2022,7694388198987.0,11583289702919.0,13230800186919.0,-10254865119471.0,-349389329477.0,-372098136496.0,-97120949614.0
VHC,2021,5883949271248.0,8737627021932.0,9054248917759.0,-7298428758127.0,-343526224004.0,-213089480647.0,-34702485314.0
VHC,2020,5175731032450.0,7201862313188.0,7037179657298.0,-6022405771176.0,-171201249991.0,-148133984196.0,-38407804147.0
VHC,2019,4877280439962.0,6612414298164.0,7867144335913.0,-6334061978625.0,-251818635593.0,-148800093568.0,-59533476528.0
VHC,2018,4015181680964.0,6298512455279.0,9271329084494.0,-7231966110890.0,-210445968727.0,-143565499402.0,-55985954528.0
VHM,2025,249216707000000.0,794704311000000.0,153270923000000.0,-106928352000000.0,-1899284000000.0,-6188358000000.0,-11213790000000.0
VHM,2024,220743975000000.0,564209360000000.0,102323186000000.0,-69355949000000.0,-3791457000000.0,-4593011000000.0,-7589251000000.0
VHM,2023,182636306000000.0,444630675000000.0,103556722000000.0,-67850123000000.0,-3662804000000.0,-4092923000000.0,-3052805000000.0
VHM,2022,148521843000000.0,361812647000000.0,62392603000000.0,-31696276000000.0,-2431780000000.0,-2643927000000.0,-2075514000000.0
VHM,2021,131407411000000.0,230516471000000.0,84985606000000.0,-36526042000000.0,-2289008000000.0,-3768594000000.0,-2348161000000.0
VHM,2020,89129915000000.0,215326377000000.0,71546737000000.0,-45610660000000.0,-2680833000000.0,-2193460000000.0,-3001572000000.0
VHM,2019,64715043000000.0,197241028000000.0,51626931000000.0,-24171323000000.0,-2080673000000.0,-2156421000000.0,-2377698000000.0
VHM,2018,48144874986968.0,119688756467698.0,38664328193703.0,-28603257862200.0,-1381104519276.0,-1062825660762.0,-2382621895215.0
VIB,2025,46904739000000.0,556098441000000.0,,,,-7435006000000.0,
VIB,2024,41861809000000.0,493158370000000.0,,,,-7211292000000.0,
VIB,2023,37939587000000.0,409881373000000.0,,,,-6610743000000.0,
VIB,2022,32651042000000.0,342798925000000.0,,,,-6197114000000.0,
VIB,2021,24290740000000.0,309517129000000.0,,,,-5281843000000.0,
VIB,2020,17973814000000.0,244675677000000.0,,,,-4464872000000.0,
VIB,2019,13429644000000.0,184531485000000.0,,,,-3437100000000.0,
VIB,2018,10667645000000.0,139166216000000.0,,,,-2689716000000.0,
VIC,2025,151488935000000.0,1118622625000000.0,331837561000000.0,-279154754000000.0,-31065065000000.0,-17988849000000.0,-29159736000000.0
VIC,2024,153834481000000.0,836603903000000.0,189068040000000.0,-161767222000000.0,-18053919000000.0,-15148307000000.0,-22980044000000.0
VIC,2023,148221686000000.0,667655767000000.0,161427568000000.0,-137919092000000.0,-12513907000000.0,-13463255000000.0,-17245871000000.0
VIC,2022,135655449000000.0,577407240000000.0,101793582000000.0,-87099750000000.0,-9371097000000.0,-15953649000000.0,-10758322000000.0
VIC,2021,159571866000000.0,428384465000000.0,125687870000000.0,-91623165000000.0,-6909908000000.0,-24034459000000.0,-10288893000000.0
VIC,2020,135852715000000.0,422503767000000.0,110490033000000.0,-93177227000000.0,-7253585000000.0,-13403089000000.0,-11402385000000.0
VIC,2019,120588589000000.0,403740753000000.0,130036014000000.0,-92484797000000.0,-14248448000000.0,-12677438000000.0,-7147357000000.0
VIC,2018,99166714000000.0,288127176000000.0,121894401000000.0,-92943726000000.0,-10112289000000.0,-7367839000000.0,-3939282000000.0
VIX,2025,21454763077640.0,34167047236850.0,8279145384688.0,,0.0,-57006082036.0,0.0
VIX,2024,16044740899438.0,19606325397605.0,1837806618366.0,,0.0,-52346529840.0,0.0
VIX,2023,8829497160707.0,9086811828553.0,1623956099064.0,,0.0,-38627206064.0,0.0
VIX,2022,7863073699228.0,8148069614040.0,1187448693563.0,,0.0,-25969856306.0,0.0
VIX,2021,3761675255157.0,4729585355705.0,1569548466899.0,,0.0,-18724213712.0,0.0
VIX,2020,1749114821835.0,2114863511743.0,718452909829.0,,0.0,-17407011673.0,0.0
VIX,2019,1420691252634.0,1766240961059.0,436975233523.0,,0.0,-19125014888.0,0.0
VIX,2018,1104319213025.0,1530284714820.0,452356482649.0,,0.0,-20960884186.0,0.0
VJC,2025,24809183292173.0,139391011113158.0,82092949674406.0,-73624045486729.0,-2406388600297.0,-2131680878825.0,-3619678428651.0
VJC,2024,17118712765104.0,99315254784593.0,72045286343724.0,-64891984978453.0,-2596952535982.0,-1395675389992.0,-3211952994975.0
VJC,2023,15253140303435.0,86925420916769.0,58340618715308.0,-55819871829489.0,-1950124205949.0,-1099316843401.0,-1950254195864.0
VJC,2022,14898294823484.0,68036964433312.0,40141863488029.0,-42135151389707.0,-936343663352.0,-534452104416.0,-1383641245573.0
VJC,2021,16854210320480.0,51653704011340.0,12874919725450.0,-14913724210509.0,-607756237934.0,-365729158499.0,-804782847259.0
VJC,2020,14978398985118.0,45196830231761.0,18220292888526.0,-19632221357027.0,-764076040739.0,-374847317582.0,-452572729500.0
VJC,2019,14902831830061.0,48858753808511.0,50602936007389.0,-44980140698282.0,-1003521966058.0,-435654189800.0,-351417652590.0
VJC,2018,14038503236582.0,39086179100669.0,53577241462140.0,-46085422009499.0,-712929844155.0,-294777399221.0,-257505446656.0
VND,2025,20902908538364.0,51628903137232.0,6640220901429.0,,0.0,-473249901976.0,0.0
VND,2024,19715068693211.0,44294776672471.0,5324944464886.0,,0.0,-453311535893.0,0.0
VND,2023,16507819526994.0,41742090171366.0,6561422166429.0,,0.0,-430067613400.0,0.0
VND,2022,14514668928729.0,38870604503106.0,6829223753733.0,,0.0,-379193285229.0,0.0
VND,2021,9822482839646.0,37094774473895.0,6039232650286.0,,0.0,-300306150662.0,0.0
VND,2020,3819244557510.0,14976084312101.0,2134528821748.0,,-382218368.0,-358013790271.0,0.0
VND,2019,3248001358074.0,11681731852921.0,1501878031874.0,,0.0,-309408701929.0,0.0
VND,2018,2982929852653.0,10534641320002.0,1538488846667.0,,0.0,-305130942810.0,0.0
VNM,2025,34483015286107.0,53312370717301.0,63645886756227.0,-37436412561696.0,-13641689163684.0,-1904069825709.0,-325804350407.0
VNM,2024,36174402829663.0,55049061537061.0,61782609528445.0,-36192433205321.0,-13357706796806.0,-1827916838987.0,-279424561295.0
VNM,2023,35025743765470.0,52673371104460.0,60368915511505.0,-35824183896095.0,-13018093111879.0,-1755619128197.0,-354094837255.0
VNM,2022,32816518355085.0,48482664236220.0,59956247197418.0,-36059015690711.0,-12548212246871.0,-1595845681078.0,-166039091744.0
VNM,2021,35850114249384.0,53332403438219.0,60919164846146.0,-34640863353839.0,-12950670402404.0,-1567312426985.0,-88799090663.0
VNM,2020,33647122229822.0,48432480673629.0,59636286225547.0,-31967662837839.0,-13447492622165.0,-1958155456285.0,-143818465177.0
VNM,2019,29731255204364.0,44699873386034.0,56318122762744.0,-29745906112117.0,-12993454552852.0,-1396302416955.0,-108824893987.0
VNM,2018,26271369291927.0,37366108654179.0,52561949970592.0,-27950543501501.0,-12265936906433.0,-1133300231790.0,-51367418852.0
VPB,2025,180275629000000.0,1260149596000000.0,,,,-18630319000000.0,
VPB,2024,147275262000000.0,923847637000000.0,,,,-14339732000000.0,
VPB,2023,139795527000000.0,817566922000000.0,,,,-13941218000000.0,
VPB,2022,103501920000000.0,631012886000000.0,,,,-14115731000000.0,
VPB,2021,86278147000000.0,547409439000000.0,,,,-10718937000000.0,
VPB,2020,52793502000000.0,419026527000000.0,,,,-11392021000000.0,
VPB,2019,42209742000000.0,377204126000000.0,,,,-12343718000000.0,
VPB,2018,34750069000000.0,323291119000000.0,,,,-10633924000000.0,
VPI,2025,5474402029997.0,14727969035197.0,1976351741138.0,-1227271916624.0,-62068058569.0,-213678196842.0,-52481275104.0
VPI,2024,5074140186064.0,11138519411664.0,1897330935760.0,-1577562566026.0,-7468855667.0,-137181726801.0,-186448115484.0
VPI,2023,3966629467753.0,12530858055179.0,1864841561755.0,-565517444833.0,-141050404283.0,-219362774767.0,-458874243707.0
VPI,2022,3758706656184.0,11095990357248.0,2152085505762.0,-985119183235.0,-120349965835.0,-246068812632.0,-325070147215.0
VPI,2021,3394444571983.0,9835483700668.0,2610596277671.0,-1968678565580.0,-158161411974.0,-127036446764.0,-103911543417.0
VPI,2020,2958224475647.0,9703533833765.0,2164998913302.0,-1481688831813.0,-78056460972.0,-122674187228.0,-204671567242.0
VPI,2019,2691167830619.0,8972345105645.0,3057265073469.0,-2224106078529.0,-29551844411.0,-92867856064.0,-144653328081.0
VPI,2018,2457568829289.0,6722363880591.0,258265174287.0,182395692573.0,-9723333581.0,-90006482110.0,-35655683032.0
VPL,2025,36597816000000.0,86845921000000.0,15539096000000.0,-10144756000000.0,-526962000000.0,-2067313000000.0,-1221346000000.0
VPL,2024,31483965000000.0,76483141000000.0,14376149000000.0,-11513069000000.0,-617569000000.0,-1664478000000.0,-1325781000000.0
VPL,2023,13316823000000.0,44072730000000.0,9254103000000.0,-11823195000000.0,-604943000000.0,-912748000000.0,-3080645000000.0
VPL,2022,8470061000000.0,56003207000000.0,7172730000000.0,-11290707000000.0,-496481000000.0,-1378007000000.0,-2419597000000.0
VPL,2019,3526993000000.0,40840108000000.0,13986273000000.0,-13912620000000.0,-583567000000.0,-1957709000000.0,-1784927000000.0
VPL,2018,11053712504069.0,41551338068767.0,15185473952533.0,-13121097364181.0,-715822335779.0,-2135012692099.0,-966826120924.0
VPX,2025,33831042194622.0,73017077466072.0,7910042926321.0,,0.0,-396765544593.0,0.0
VPX,2024,17403950699297.0,26713926794480.0,2482994167064.0,,0.0,-236801599344.0,0.0
VPX,2023,16445429192116.0,22514991775695.0,1936415132810.0,,0.0,-187436905293.0,0.0
VPX,2022,15437603931697.0,16116736392085.0,772546332940.0,,0.0,-96903142394.0,0.0
VPX,2021,272731247170.0,280418576337.0,10943661328.0,,0.0,-290312061.0,0.0
VPX,2020,32576092643.0,33903509559.0,1028181818.0,,0.0,-1914202961.0,0.0
VPX,2019,36160311004.0,37951431430.0,6664131818.0,,0.0,-3238773897.0,0.0
VPX,2018,36073290009.0,40492216141.0,10413323636.0,,0.0,-2660382714.0,0.0
VRE,2025,48368203000000.0,61279149000000.0,8837380000000.0,-4105337000000.0,-270990000000.0,-567984000000.0,-628429000000.0
VRE,2024,41922641000000.0,55226155000000.0,8939117000000.0,-4183725000000.0,-341019000000.0,-641775000000.0,-566101000000.0
VRE,2023,37826853000000.0,47653731000000.0,9791335000000.0,-4445450000000.0,-341268000000.0,-438650000000.0,-330426000000.0
VRE,2022,33424690000000.0,42701088000000.0,7361437000000.0,-3544917000000.0,-171973000000.0,-371266000000.0,-359155000000.0
VRE,2021,30650829000000.0,37873488000000.0,5891141000000.0,-3499036000000.0,-201764000000.0,-433167000000.0,-486176000000.0
VRE,2020,29335816000000.0,39816432000000.0,8328918000000.0,-4507631000000.0,-330040000000.0,-398568000000.0,-463586000000.0
VRE,2019,26953507000000.0,35838690000000.0,9259257000000.0,-4855637000000.0,-371960000000.0,-448658000000.0,-299007000000.0
VRE,2018,28509281425858.0,38683683427559.0,9123951723319.0,-5482654981478.0,-408674869689.0,-342114739647.0,-375271013919.0
VSC,2025,6386601108418.0,12962909058393.0,3205511845727.0,-2064826506471.0,-243751093402.0,-216112118276.0,-274513425382.0
VSC,2024,4896115718281.0,7795129594538.0,2787912700840.0,-1944451859272.0,-152829795612.0,-182570775862.0,-167149402470.0
VSC,2023,3294306897388.0,5190925854088.0,2180945411694.0,-1526506042396.0,-94066467806.0,-132883063453.0,-170446855907.0
VSC,2022,3201200347306.0,4366810324093.0,2007397494749.0,-1348668597428.0,-79193978606.0,-105390698465.0,-1104887671.0
VSC,2021,2996127867563.0,3266420441162.0,1892131002372.0,-1289742189373.0,-48235093940.0,-81204308213.0,0.0
VSC,2020,2170698212734.0,2458144481968.0,1688865060005.0,-1239556027397.0,-55877214781.0,-73457870432.0,-341031771.0
VSC,2019,2070078151985.0,2393244920951.0,1792750624059.0,-1355854373446.0,-30973864238.0,-65611250927.0,-15408493571.0
VSC,2018,1944569577021.0,2489082709837.0,1694460145079.0,-1198472433710.0,-26635136731.0,-63187276441.0,-34708326938.0
VTP,2025,1768209730795.0,7518675499825.0,20574073291686.0,-19437517990506.0,-125555064674.0,-511141492279.0,-73939554919.0
VTP,2024,1588456546171.0,6363556558123.0,20734671115593.0,-19729225253128.0,-113569053317.0,-440298056149.0,-57801498674.0
VTP,2023,1584216879869.0,6439394156721.0,19587521805154.0,-18705973824498.0,-51490050770.0,-413074412273.0,-63945975580.0
VTP,2022,1388933207070.0,5734637711352.0,21628809150146.0,-20981387121122.0,-38519378435.0,-333713724093.0,-55589484981.0
VTP,2021,1325503140444.0,5429630085659.0,21452031608957.0,-20850922967429.0,-39907357563.0,-242352236622.0,-47613594964.0
VTP,2020,1208597273223.0,4366695531680.0,17234281758916.0,-16535690235492.0,-21510589388.0,-247965427401.0,-54005233537.0
VTP,2019,967955415000.0,3394208367383.0,7811590832032.0,-7036307687468.0,-48592575704.0,-285303737990.0,-48962038828.0
VTP,2018,678971332907.0,2834544462237.0,4922305183794.0,-4375727170448.0,-29855451995.0,-199724945379.0,-18806093454.0
