symbol,market_cap,shares_outstanding,current_price,free_float_pct
ACB,124214629879800.0,5804421957.0,21400.0,0.8499999999
ANV,4246779212500.0,266255750.0,15950.0,0.3
BAF,11619673256100.0,364824906.0,31850.0,0.6999999995
BCM,41607000000000.0,1035000000.0,40200.0,0.04
BID,278071703659750.0,7778229473.0,35750.0,0.06
BMP,11869836010000.0,81860938.0,145000.0,0.4499999988
BSI,7179381203400.0,269901549.0,26600.0,0.1399999968
BSR,152221910454400.0,5007299686.0,30400.0,0.0799999998
BVH,51071806163200.0,742322764.0,68800.0,0.0999999995
BWE,10116717595250.0,251347021.0,40250.0,0.249999999
CII,8467014666600.0,671985291.0,12600.0,0.9499999993
CMG,5228423334600.0,232891908.0,22450.0,0.3999999991
CTD,6508111404000.0,111823220.0,58200.0,0.55
CTG,234173380805550.0,7766944637.0,30150.0,0.1499999999
CTR,9313563049100.0,128109533.0,72700.0,0.3499999957
CTS,5771592706800.0,272244939.0,21200.0,0.2499999972
DBC,6767430034300.0,431046499.0,15700.0,0.6999999993
DGW,9939564500000.0,223361000.0,44500.0,0.55
DIG,8129576307690.0,844192763.0,9630.0,0.949999999
DPM,15366305474600.0,679925021.0,22600.0,0.3999999994
DSE,9314433280500.0,428249806.0,21750.0,0.3499999998
EIB,31107434136900.0,1862720607.0,16700.0,0.7999999997
EVF,8822563303200.0,760565802.0,11600.0,0.9499999988
FPT,122008611440800.0,1885759064.0,64700.0,0.8499999998
FRT,25373856162600.0,178815054.0,141900.0,0.5499999961
FTS,7661029575000.0,381145750.0,20100.0,0.4
GAS,194242455358000.0,2412949756.0,80500.0,0.0499999997
GEE,47332891692900.0,640499211.0,73900.0,0.1399999992
GEX,31403312592000.0,1308471358.0,24000.0,0.6999999995
GMD,33505880196600.0,432892509.0,77400.0,0.9499999987
GVR,131600000000000.0,4000000000.0,32900.0,0.04
HAG,17680219997850.0,1267399283.0,13950.0,0.4999999996
HCM,34161451366200.0,1371945838.0,24900.0,0.5499999993
HDB,139146681779400.0,5005276323.0,27800.0,0.7999999999
HDG,6450273728050.0,406957333.0,15850.0,0.599999998
HHV,5233803299680.0,574511888.0,9110.0,0.8499999986
HPG,174347217338000.0,8442964520.0,20650.0,0.6
HT1,4540919940900.0,381589911.0,11900.0,0.249999998
KBC,24438535996050.0,941754759.0,25950.0,0.6499999996
KDH,17618773914300.0,1122214899.0,15700.0,0.6499999997
LPB,138759253545000.0,2987282100.0,46450.0,0.9
MBB,200368122711500.0,10068749885.0,19900.0,0.5
MCH,184344097809000.0,1307404949.0,141000.0,0.1999999994
MSB,52603200000000.0,3744000000.0,14050.0,0.7
MSN,102372260231100.0,1460374611.0,70100.0,0.5999999996
NKG,4775542421700.0,492323961.0,9700.0,0.7499999985
NLG,10890436248350.0,485097383.0,22450.0,0.7999999992
NT2,6002215204650.0,287876029.0,20850.0,0.2999999976
NVL,28464505468200.0,2402067972.0,11850.0,0.5499999998
OCB,31237603285200.0,3062510126.0,10200.0,0.2999999997
PC1,8636992203000.0,411285343.0,21000.0,0.5999999981
PDR,11275245982700.0,997809379.0,11300.0,0.5999999996
PHR,7914483577550.0,243897799.0,32450.0,0.3499999973
PLX,45285732835000.0,1293878081.0,35000.0,0.0999999999
PNJ,16886824647000.0,511721959.0,33000.0,0.8999999998
POW,38194678815600.0,3067845688.0,12450.0,0.1999999998
PVD,16699359438000.0,927742191.0,18000.0,0.4999999995
PVT,11940827467800.0,516918938.0,23100.0,0.5
REE,28738695559600.0,623399036.0,46100.0,0.349999999
SAB,56304488130800.0,1282562372.0,43900.0,0.1099999993
SBT,21262927026250.0,934634155.0,22750.0,0.6
SHB,61986964520800.0,5343703838.0,11600.0,0.7499999999
SIP,12105647150000.0,242112943.0,50000.0,0.4499999986
SJS,16420610505600.0,297474828.0,55200.0,0.7999999987
SSB,67468160000000.0,3468800000.0,19450.0,0.55
SSI,62126958293100.0,3001302333.0,20700.0,0.7
STB,144219002274000.0,1885215716.0,76500.0,0.9499999999
TAL,11591993284000.0,503999708.0,23000.0,0.2999999992
TCB,235617493765500.0,7086240414.0,33250.0,0.5499999999
TCX,99713852500500.0,3329343990.0,29950.0,0.1499999998
TPB,40501084345800.0,2774046873.0,14600.0,0.5499999999
VCB,484629155452000.0,8355675094.0,58000.0,0.11
VCG,9809376242250.0,698176245.0,14050.0,0.5499999989
VCI,22814192115000.0,1152231925.0,19800.0,0.7499999993
VCK,69395211564000.0,2434919704.0,28500.0,0.25
VGC,19166962500000.0,448350000.0,42750.0,0.12
VHC,10378404028450.0,209453159.0,49550.0,0.3999999971
VHM,567644338952800.0,8214824008.0,69100.0,0.3
VIB,50054175776800.0,3735386252.0,13400.0,0.5499999998
VIC,1800827251528000.0,7762186429.0,232000.0,0.2999999999
VIX,32545774942450.0,2572788533.0,12650.0,1.0
VJC,102135545220800.0,769092961.0,132800.0,0.3499999995
VND,21845003679800.0,1522299908.0,14350.0,0.75
VNM,124979335611000.0,2089955445.0,59800.0,0.4
VPB,230000000000000.0,10000000000.0,23000.0,0.55
VPI,21897782062800.0,352054374.0,62200.0,0.5
VPL,142926040046900.0,1793300377.0,79700.0,0.1499999997
VPX,47718750000000.0,1875000000.0,25450.0,0.2
VRE,55671801045000.0,2272318410.0,24500.0,0.4
VSC,4960407296500.0,374370362.0,13250.0,0.9499999976
VTP,10659537028800.0,201885171.0,52800.0,0.399999998
